code	name	description	topic_codes	keywords	cs2023_ka_mapping	metadata
CPU_ARCHITECTURE	CPU Architecture	Phân biệt kiến trúc von Neumann và Harvard, và vai trò của các khối chức năng chính là ALU và CU.	HW_CPU	von Neumann, Harvard, ALU, Control Unit	AR	{"icon": "microchip"}
FETCH_DECODE_EXECUTE	Fetch-Decode-Execute Cycle	Mô tả chu trình lệnh cơ bản mà một CPU thực hiện để xử lý một chỉ lệnh: lấy lệnh, giải mã lệnh, và thực thi lệnh.	HW_CPU	instruction cycle, fetch, decode, execute	AR	{"icon": "sync-alt"}
MEMORY_TYPES	Memory Types	Phân biệt giữa RAM (bộ nhớ truy cập ngẫu nhiên, khả biến) và ROM (bộ nhớ chỉ đọc, bất biến).	HW_MEMORY	RAM, ROM, volatile, non-volatile	AR	{"icon": "memory"}
CACHE_HIERARCHY	Cache Hierarchy	Hiểu vai trò của các cấp bộ nhớ đệm (L1, L2, L3) trong việc tăng tốc độ truy cập dữ liệu bằng cách tận dụng tính cục bộ (locality).	HW_MEMORY	cache, L1 cache, L2 cache, locality	AR	{"icon": "layer-group"}
HDD_VS_SSD	HDD vs. SSD	So sánh sự khác biệt về cấu tạo, nguyên lý hoạt động, tốc độ và độ bền giữa ổ cứng cơ (HDD) và ổ cứng thể rắn (SSD).	HW_STORAGE	HDD, SSD, storage, persistent	AR	{"icon": "hdd"}
IO_METHODS_POLLING_INTERRUPT	I/O Methods: Polling vs. Interrupt	So sánh hai phương pháp chính để xử lý I/O: chủ động kiểm tra liên tục (Polling) và bị động chờ tín hiệu ngắt (Interrupt).	IO_MECHANISMS	polling, interrupt, I/O management	AR, OS	{"icon": "exchange-alt"}
DMA_CONCEPT	Direct Memory Access (DMA)	Hiểu khái niệm Truy cập Bộ nhớ Trực tiếp (DMA), cho phép các thiết bị phần cứng truy cập bộ nhớ chính độc lập với CPU.	IO_MECHANISMS	DMA, direct memory access, hardware	AR, OS	{"icon": "forward"}
PROCESS_VS_THREAD	Process vs. Thread	Phân biệt sự khác nhau giữa một tiến trình (một chương trình đang chạy với không gian bộ nhớ riêng) và một luồng (một luồng thực thi trong một tiến trình).	OS_PROCESS_MGMT	process, thread, multitasking, multithreading	OS	{"icon": "tasks"}
SCHEDULING_ALGORITHMS	CPU Scheduling Algorithms	Giới thiệu các thuật toán lập lịch CPU cơ bản như FCFS (First-Come, First-Served), SJF (Shortest Job First), và Round Robin.	OS_PROCESS_MGMT	scheduling, FCFS, SJF, Round Robin	OS	{"icon": "calendar-alt"}
VIRTUAL_MEMORY	Virtual Memory Concept	Hiểu khái niệm bộ nhớ ảo và lợi ích của nó trong việc cho phép mỗi tiến trình có một không gian địa chỉ riêng biệt và lớn hơn bộ nhớ vật lý.	OS_MEMORY_MGMT	virtual memory, address space, paging	OS, AR	{"icon": "map"}
FILE_ALLOCATION	File Allocation Methods	Khám phá các phương pháp cấp phát không gian cho tệp tin trên đĩa, bao gồm cấp phát liên tục, liên kết (danh sách móc nối), và chỉ mục.	OS_FILE_SYSTEMS	file allocation, contiguous, linked, indexed	OS	{"icon": "file-invoice"}
TROUBLESHOOTING_METHODOLOGY	Systematic Troubleshooting	Áp dụng một quy trình có hệ thống (xác định vấn đề, giả thuyết, kiểm tra, xác nhận) để giải quyết sự cố phần cứng và phần mềm.	TROUBLESHOOTING_METHODOLOGY	troubleshooting, diagnostics, problem solving	SDF, SE	{"icon": "search"}
ERROR_MESSAGES	Interpreting Error Messages	Kỹ năng đọc và hiểu các thông báo lỗi do chương trình hoặc hệ điều hành cung cấp để xác định nguyên nhân sự cố.	TROUBLESHOOTING_METHODOLOGY, DEBUGGING_TECH	error handling, exceptions, debugging, log analysis	SDF, SE	{"icon": "exclamation-triangle"}
ARDUINO_BASICS	Arduino Basics	Nắm vững cấu trúc cơ bản của một chương trình Arduino (sketch) với hai hàm chính là setup() (chạy một lần) và loop() (chạy lặp lại).	MCU_PLATFORMS	Arduino, sketch, setup, loop	SPD	{"icon": "code"}
RASPBERRY_PI_BASICS	Raspberry Pi Basics	Nhận biết Raspberry Pi như một máy tính đơn bo (SBC) và hiểu cách tương tác với hệ điều hành Raspbian (nay là Raspberry Pi OS).	MCU_PLATFORMS	Raspberry Pi, SBC, Raspbian, Linux	SPD	{"icon": "raspberry-pi"}
DIGITAL_ANALOG_IO	Digital vs. Analog I/O Pins	Phân biệt chức năng của các chân I/O số (đọc/ghi giá trị HIGH/LOW) và các chân I/O tương tự (đọc giá trị trong một khoảng liên tục).	GPIO_PROG	digital I/O, analog I/O, GPIO, HIGH, LOW	SPD	{"icon": "wave-square"}
PWM	Pulse Width Modulation (PWM)	Hiểu và sử dụng kỹ thuật Điều chế Độ rộng Xung (PWM) để giả lập tín hiệu tương tự, thường dùng để điều khiển độ sáng LED hoặc tốc độ động cơ.	GPIO_PROG	PWM, analogWrite, duty cycle	SPD	{"icon": "chart-area"}
TEMP_HUMIDITY_SENSORS	Reading Temp/Humidity Sensors	Sử dụng thư viện để đọc dữ liệu từ các cảm biến nhiệt độ và độ ẩm kỹ thuật số phổ biến như DHT11 hoặc DHT22.	SENSOR_TYPES	DHT11, temperature sensor, humidity sensor	SPD	{"icon": "thermometer-half"}
LIGHT_MOTION_SENSORS	Reading Light/Motion Sensors	Sử dụng cảm biến quang trở (LDR) để đo cường độ ánh sáng và cảm biến hồng ngoại thụ động (PIR) để phát hiện chuyển động.	SENSOR_TYPES	LDR, photoresistor, PIR sensor, motion detection	SPD	{"icon": "lightbulb"}
MOTOR_CONTROL	DC Motor and Servo Control	Phân biệt và điều khiển hai loại động cơ phổ biến: động cơ DC (điều khiển tốc độ) và động cơ Servo (điều khiển vị trí/góc).	ACTUATOR_CONTROL	DC motor, servo motor, actuator control	SPD	{"icon": "fan"}
ROUTERS_SWITCHES	Routers and Switches	Phân biệt chức năng của router (định tuyến giữa các mạng) và switch (kết nối các thiết bị trong cùng một mạng).	ROUTERS_SWITCHES	router, switch, LAN, WAN, networking hardware	NC	{"icon": "ethernet"}
PHYSICAL_MEDIA	Physical Media & Wireless	So sánh các phương tiện truyền dẫn vật lý (cáp xoắn đôi, cáp quang) và các công nghệ không dây (Wi-Fi, Bluetooth).	PHYSICAL_MEDIA	Ethernet cable, fiber optic, Wi-Fi, Bluetooth	NC	{"icon": "wifi"}
NETWORK_TOPOLOGIES	Network Topologies	Nhận biết các cấu trúc liên kết mạng phổ biến như Star (Hình sao), Bus, Ring (Vòng), và Mesh (Lưới).	NETWORK_TOPOLOGIES	topology, star, bus, ring, mesh	NC	{"icon": "sitemap"}
ABSTRACTION_LAYERS	Layers of Abstraction	Hiểu cách các hệ thống phức tạp được xây dựng dựa trên nhiều lớp trừu tượng, mỗi lớp che giấu chi tiết của lớp dưới.	ABSTRACTION_LAYERS	abstraction, layers, information hiding	SDF, SE	{"icon": "layer-group"}
PROBLEM_DECOMPOSITION	Problem Decomposition	Kỹ thuật chia một vấn đề lớn và phức tạp thành các vấn đề con nhỏ hơn, dễ quản lý hơn, là một phần cốt lõi của tư duy tính toán.	PROBLEM_DECOMPOSITION	decomposition, divide and conquer, problem solving	SDF, AL	{"icon": "puzzle-piece"}
CREATIONAL_PATTERNS	Creational Design Patterns	Hiểu mục đích của các mẫu thiết kế khởi tạo, như Singleton (đảm bảo một lớp chỉ có một thể hiện) và Factory (tạo đối tượng mà không cần chỉ rõ lớp cụ thể).	CREATIONAL_PATTERNS	creational patterns, singleton, factory	SE	{"icon": "plus-square"}
STRUCTURAL_PATTERNS	Structural Design Patterns	Hiểu mục đích của các mẫu thiết kế cấu trúc, như Adapter (cho phép các giao diện không tương thích làm việc với nhau) và Decorator (thêm chức năng cho đối tượng một cách linh hoạt).	STRUCTURAL_PATTERNS	structural patterns, adapter, decorator	SE	{"icon": "sitemap"}
BEHAVIORAL_PATTERNS	Behavioral Design Patterns	Hiểu mục đích của các mẫu thiết kế hành vi, như Observer (định nghĩa sự phụ thuộc một-nhiều) và Strategy (cho phép chọn thuật toán lúc chạy).	BEHAVIORAL_PATTERNS	behavioral patterns, observer, strategy	SE	{"icon": "directions"}
AGILE_PRINCIPLES	Agile Principles	Nắm vững các nguyên tắc cốt lõi của phát triển phần mềm linh hoạt, như ưu tiên sự hài lòng của khách hàng và thích ứng với thay đổi.	AGILE_PRINCIPLES	Agile, manifesto, iterative development	SE	{"icon": "users-class"}
SCRUM_ROLES_EVENTS	Scrum Roles and Events	Nhận biết các vai trò (Product Owner, Scrum Master) và các sự kiện (Sprint, Daily Standup, Retrospective) trong khuôn khổ Scrum.	SCRUM_ROLES_EVENTS	Scrum, sprint, standup, backlog, roles	SE	{"icon": "users-cog"}
VERSION_CONTROL_WORKFLOW	Version Control Workflow	Hiểu và áp dụng một quy trình làm việc với Git, như Git Flow, để quản lý các nhánh (feature, develop, release) một cách hiệu quả trong nhóm.	VERSION_CONTROL_WORKFLOW	Git workflow, Git Flow, branching strategy	SE	{"icon": "code-branch"}
FRONTEND_FRAMEWORKS	Frontend Frameworks/Libraries	Hiểu vai trò của các thư viện/framework như React, Vue, Angular trong việc xây dựng các giao diện người dùng tương tác và có cấu trúc.	FRONTEND_FRAMEWORKS	frameworks, React, Angular, Vue, SPA	SPD	{"icon": "react"}
BACKEND_FRAMEWORKS	Backend Frameworks	Hiểu vai trò của các framework như Django (Python), Express (Node.js) trong việc tăng tốc xây dựng logic và API phía máy chủ.	BACKEND_FRAMEWORKS	frameworks, Django, Express, Spring, backend	SPD	{"icon": "server"}
RELATIONAL_VS_NONRELATIONAL	Relational vs. NoSQL Databases	So sánh sự khác biệt cơ bản giữa cơ sở dữ liệu quan hệ (SQL) và không quan hệ (NoSQL) về mô hình dữ liệu, tính nhất quán và khả năng mở rộng.	RELATIONAL_VS_NONRELATIONAL	SQL vs NoSQL, relational, non-relational	DM	{"icon": "database"}
DATA_EXPLORATION_EDA	Exploratory Data Analysis (EDA)	Hiểu quy trình Phân tích Dữ liệu Khám phá để tóm tắt các đặc điểm chính của tập dữ liệu, thường bằng các phương pháp trực quan.	DATA_COLLECTION	EDA, data exploration, data analysis	DM	{"icon": "search-plus"}
DATA_CLEANING_TECHNIQUES	Data Cleaning Techniques	Nắm vững các kỹ thuật cơ bản để xử lý dữ liệu bị thiếu (missing values), dữ liệu nhiễu (noise) và dữ liệu không nhất quán.	DATA_COLLECTION	data cleaning, preprocessing, missing data	DM	{"icon": "broom"}
CHART_TYPES	Choosing Appropriate Chart Types	Nắm vững cách lựa chọn loại biểu đồ phù hợp (cột, đường, tròn, phân tán) để biểu diễn các loại dữ liệu và thông điệp khác nhau.	CHART_TYPES	charts, graphs, visualization, chart selection	GIT	{"icon": "chart-pie-alt"}
CLOUD_MODELS_IAAS_PAAS_SAAS	Cloud Service Models	Phân biệt ba mô hình dịch vụ điện toán đám mây chính: IaaS (Cơ sở hạ tầng), PaaS (Nền tảng), và SaaS (Phần mềm như một Dịch vụ).	CLOUD_MODELS_IAAS_PAAS_SAAS	IaaS, PaaS, SaaS, cloud services	PDC	{"icon": "cloud"}
CLOUD_DEPLOYMENT_MODELS	Cloud Deployment Models	Phân biệt các mô hình triển khai đám mây: Public, Private, và Hybrid Cloud.	CLOUD_DEPLOYMENT_MODELS	public cloud, private cloud, hybrid cloud	PDC	{"icon": "cloud-upload-alt"}
VIRTUALIZATION	Virtualization Concept	Hiểu công nghệ ảo hóa, cho phép tạo ra các phiên bản ảo của tài nguyên máy tính như máy chủ, hệ điều hành, hoặc mạng.	VIRTUALIZATION	virtualization, VM, hypervisor	OS, PDC	{"icon": "desktop"}
MAPREDUCE_CONCEPT	MapReduce Concept	Hiểu mô hình lập trình MapReduce để xử lý song song các tập dữ liệu lớn, bao gồm hai bước chính là map và reduce.	MAPREDUCE_CONCEPT	MapReduce, big data, distributed processing	PDC	{"icon": "stream"}
CAP_THEOREM	CAP Theorem	Nắm vững định lý CAP (Consistency, Availability, Partition tolerance) và sự đánh đổi của nó trong các hệ thống phân tán.	CAP_THEOREM	CAP theorem, distributed systems, consistency	PDC	{"icon": "balance-scale-right"}
REGRESSION_CLASSIFICATION	Regression vs. Classification	Phân biệt hai loại bài toán chính trong học có giám sát: dự đoán giá trị liên tục (hồi quy) và dự đoán nhãn (phân loại).	SUPERVISED_LEARNING	regression, classification, supervised learning	AI	{"icon": "file-invoice"}
CLUSTERING_ALGORITHMS	Clustering Algorithms	Hiểu khái niệm phân cụm và các thuật toán cơ bản như K-Means để nhóm các điểm dữ liệu tương tự lại với nhau.	UNSUPERVISED_LEARNING	clustering, K-Means, unsupervised learning	AI	{"icon": "shapes"}
NEURAL_NETWORKS_BASICS	Neural Networks Basics	Nắm vững các thành phần cơ bản của mạng nơ-ron nhân tạo, bao gồm nơ-ron, lớp (layer), trọng số và hàm kích hoạt.	NEURAL_NETWORKS_BASICS	neural network, neuron, layer, activation function	AI	{"icon": "brain-circuit"}
AI_HISTORY_MILESTONES	History and Milestones of AI	Nhận biết các cột mốc lịch sử quan trọng trong sự phát triển của AI, từ phép thử Turing đến sự bùng nổ của Deep Learning.	AI_HISTORY_MILESTONES	AI history, Turing test, deep learning	AI, SEP	{"icon": "monument"}
TYPES_OF_AI	Types of AI: Narrow vs. General	Phân biệt giữa AI hẹp (chuyên cho một nhiệm vụ cụ thể) và AI tổng quát (có khả năng trí tuệ như con người).	TYPES_OF_AI	narrow AI, general AI, AGI, strong AI	AI	{"icon": "brain"}
REINFORCEMENT_LEARNING_BASICS	Reinforcement Learning Basics	Nắm vững các thành phần cốt lõi của học tăng cường: tác nhân (agent), môi trường (environment), hành động (action), trạng thái (state), và phần thưởng (reward).	REINFORCEMENT_LEARNING	reinforcement learning, agent, reward, RL	AI	{"icon": "gamepad-alt"}
AI_BIAS	Bias in AI	Hiểu cách thiên vị trong dữ liệu huấn luyện hoặc trong thiết kế thuật toán có thể dẫn đến các quyết định không công bằng từ hệ thống AI.	AI_BIAS	AI bias, fairness, ethics, training data	AI, SEP	{"icon": "balance-scale"}
ALGORITHMIC_BIAS_SOCIETY	Algorithmic Bias in Society	Phân tích cách các thuật toán có thể tạo ra hoặc khuếch đại các thành kiến xã hội, dẫn đến các quyết định không công bằng trong đời sống.	ALGORITHMIC_BIAS_SOCIETY	algorithmic bias, fairness, ethics, societal impact	SEP, AI	{"icon": "balance-scale"}
IOT_PROTOCOLS_MQTT	IoT Messaging Protocols (MQTT)	Hiểu nguyên lý hoạt động của giao thức MQTT theo mô hình publish-subscribe, được thiết kế cho các thiết bị IoT.	IOT_PROTOCOLS_MQTT	MQTT, publish-subscribe, IoT protocols	NC, SPD	{"icon": "envelope-open-text"}
IOT_SECURITY_THREATS	Common IoT Security Threats	Nhận biết các mối đe dọa bảo mật đặc thù cho thiết bị IoT, như tấn công vào firmware, mật khẩu mặc định yếu, và các giao thức không an toàn.	IOT_SECURITY_THREATS	IoT security, firmware, botnet	SEC	{"icon": "shield-virus"}
IOT_SAFETY_RISKS	IoT Safety Risks	Phân tích các rủi ro về an toàn vật lý do hệ thống IoT gây ra, ví dụ như lỗi trong xe tự lái, thiết bị y tế, hoặc nhà thông minh.	IOT_SAFETY_RISKS	IoT safety, physical risk, critical systems	SEP, SEC	{"icon": "car-crash"}
RENDERING_PIPELINE	Graphics Rendering Pipeline	Hiểu các giai đoạn chính trong quy trình kết xuất đồ họa, từ mô hình 3D đến các pixel cuối cùng trên màn hình.	RENDERING_CONCEPTS	rendering pipeline, vertex shader, fragment shader	GIT	{"icon": "stream"}
SIMULATION_MODELING	Simulation Modeling	Hiểu các kỹ thuật xây dựng mô hình toán học và tính toán để mô phỏng một hệ thống hoặc hiện tượng trong thế giới thực.	RENDERING_CONCEPTS	simulation, modeling, physics engine	GIT	{"icon": "project-diagram"}
2D_3D_TRANSFORMATIONS_MATH	2D/3D Geometric Transformations	Hiểu cách sử dụng các phép toán ma trận cơ bản cho việc tịnh tiến (translation), quay (rotation), và co giãn (scaling) các đối tượng.	GEOMETRIC_TRANSFORMATIONS	transformations, matrix, translation, rotation, scaling	GIT, MSF	{"icon": "ruler-combined"}
USER_CENTERED_DESIGN	User-Centered Design Process	Hiểu quy trình thiết kế lấy người dùng làm trung tâm, nhấn mạnh việc thấu hiểu và đáp ứng nhu cầu của người dùng ở mọi giai đoạn.	USER_CENTERED_DESIGN	UCD, user-centered, design thinking	HCI	{"icon": "user-check"}
PERSONAS_AND_SCENARIOS	Personas and Scenarios	Nắm vững kỹ thuật tạo ra các hồ sơ người dùng hư cấu (personas) và các kịch bản sử dụng (scenarios) để định hướng thiết kế.	USER_RESEARCH	persona, scenario, user story	HCI	{"icon": "user-tie"}
AFFORDANCES_SIGNIFIERS	Affordances and Signifiers	Phân biệt khái niệm "khả năng" (affordances - những gì một đối tượng có thể làm) và "dấu hiệu" (signifiers - gợi ý trực quan về cách sử dụng).	AFFORDANCES_SIGNIFIERS	affordance, signifier, discoverability	HCI	{"icon": "lightbulb-on"}
FEEDBACK_AND_RESPONSE	Feedback and System Response	Hiểu tầm quan trọng của việc cung cấp phản hồi ngay lập tức và rõ ràng cho các hành động của người dùng để tạo ra trải nghiệm tốt.	FEEDBACK_AND_RESPONSE	feedback, response time, user interface	HCI	{"icon": "comment-alt-dots"}
DIGITAL_IDENTITY	Digital Identity Management	Hiểu khái niệm về danh tính số và cách quản lý hình ảnh cá nhân và chuyên nghiệp trên các nền tảng trực tuyến.	DIGITAL_INTERACTION, PRIVACY_SETTINGS	digital identity, online profile, reputation	SEP	{"icon": "id-card"}
INFORMATION_CREDIBILITY	Assessing Information Credibility	Phát triển kỹ năng đánh giá độ tin cậy của thông tin trực tuyến, bao gồm kiểm tra nguồn, tác giả, và phát hiện thông tin sai lệch.	INFORMATION_CREDIBILITY	credibility, fact-checking, misinformation	SEP	{"icon": "check-double"}
DIGITAL_FOOTPRINT	Digital Footprint	Hiểu rằng mọi hoạt động trực tuyến đều để lại một "dấu chân số" có thể tồn tại lâu dài và ảnh hưởng đến quyền riêng tư và danh tiếng.	DIGITAL_FOOTPRINT	digital footprint, privacy, online presence	SEP	{"icon": "shoe-prints"}
CYBERBULLYING	Cyberbullying and Response	Nhận biết các hình thức bắt nạt trên mạng và các chiến lược để ứng phó một cách an toàn và hiệu quả.	CYBERBULLYING	cyberbullying, online safety, harassment	SEP	{"icon": "user-ninja"}
COPYRIGHT_CREATIVE_COMMONS	Copyright & Creative Commons	Phân biệt giữa bản quyền tiêu chuẩn ("all rights reserved") và các giấy phép mở như Creative Commons ("some rights reserved").	COPYRIGHT_CREATIVE_COMMONS	copyright, Creative Commons, licenses, intellectual property	SEP	{"icon": "copyright"}
DIGITAL_DIVIDE	The Digital Divide	Hiểu về khoảng cách trong việc tiếp cận, sử dụng và hưởng lợi từ công nghệ giữa các nhóm dân cư khác nhau.	DIGITAL_DIVIDE	digital divide, equity, access, inclusion	SEP	{"icon": "users-slash"}
LAYER_BLEND_MODES	Layer Blending Modes	Hiểu cách các chế độ hòa trộn (Multiply, Screen, Overlay) xác định cách các lớp pixel tương tác với nhau để tạo ra hiệu ứng hình ảnh.	RASTER_GRAPHICS_CONCEPTS	blending modes, layers, Photoshop	GIT	{"icon": "layer-group"}
ADJUSTMENT_LAYERS	Non-Destructive Adjustment Layers	Nắm vững kỹ thuật sử dụng các lớp hiệu chỉnh riêng biệt để thay đổi màu sắc/tông độ mà không phá hủy dữ liệu điểm ảnh gốc.	RASTER_GRAPHICS_CONCEPTS	adjustment layers, non-destructive, Photoshop	GIT	{"icon": "sliders-h"}
LAYER_MASKING	Layer Masking	Kỹ thuật sử dụng mặt nạ (mask) thang độ xám để che hoặc hiện các phần của một lớp một cách linh hoạt và phi phá hủy.	RASTER_GRAPHICS_CONCEPTS	layer mask, masking, Photoshop	GIT	{"icon": "fill-drip"}
IMAGE_WARPING	Mesh and Liquify Warping	Hiểu các kỹ thuật làm biến dạng hình ảnh một cách tự do bằng cách sử dụng lưới (mesh warp) hoặc các công cụ mô phỏng chất lỏng (liquify).	IMAGE_WARPING	warping, liquify, mesh warp, image manipulation	GIT	{"icon": "border-style-alt"}
IMAGE_RETOUCHING	Image Retouching Techniques	Nắm vững các kỹ thuật làm sạch và phục chế ảnh như xóa khuyết điểm (spot healing), nhân bản (clone stamp) và vá thông minh (content-aware fill).	IMAGE_RETOUCHING	retouching, healing brush, clone stamp	GIT	{"icon": "magic"}
IMAGE_COMPOSITING	Image Compositing	Kỹ thuật kết hợp nhiều hình ảnh khác nhau để tạo thành một tác phẩm duy nhất, liền mạch, thường sử dụng layer mask và blending modes.	IMAGE_COMPOSITING	compositing, photomontage, image combination	GIT	{"icon": "images"}
QR_CODE_GENERATION	QR Code Generation	Hiểu khái niệm và ứng dụng của việc tạo mã QR (Quick Response) trong thiết kế đồ họa vector.	VECTOR_GRAPHICS_CONCEPTS	QR code, vector, barcode	GIT	{"icon": "qrcode"}
STROKE_PROPERTIES	Advanced Stroke Properties	Tìm hiểu các thuộc tính nâng cao của đường viền vector như thay đổi độ dày, kiểu nét đứt, và áp dụng họa tiết.	VECTOR_GRAPHICS_CONCEPTS	stroke, path, vector, Illustrator	GIT	{"icon": "pen-fancy"}
SHAPE_BUILDING	Shape Building	Kỹ thuật sử dụng các phép toán Boolean (hợp, trừ, giao) một cách trực quan để xây dựng các hình khối vector phức tạp từ các hình đơn giản.	VECTOR_GRAPHICS_CONCEPTS, SOLID_MODELING	shape builder, pathfinder, boolean operations	GIT	{"icon": "shapes"}
OBJECT_PROPERTIES	Object Properties/Attributes	Hiểu rằng các đối tượng trong một môi trường lập trình có các thuộc tính (properties) có thể truy cập và thay đổi được (ví dụ: object.x, object.color).	CLASSES_OBJECTS	properties, attributes, state, object	SDF, HCI	{"icon": "list"}
EVENT_BASED_PROGRAMMING	Event-Based Programming Model	Hiểu mô hình lập trình trong đó luồng của chương trình được quyết định bởi các sự kiện (như hành động của người dùng) thay vì một chuỗi lệnh tuần tự.	EVENT_HANDLERS	event-driven, event loop, asynchronous	FPL, HCI	{"icon": "hand-point-up"}
LIGHTING_AND_SHADOWS	Lighting and Shadows	Hiểu vai trò của các loại nguồn sáng (hướng, điểm, khu vực) và cách chúng tương tác với các vật thể để tạo ra bóng đổ trong một cảnh 3D.	RENDERING_CONCEPTS	lighting, shadows, 3D rendering, light source	GIT	{"icon": "lightbulb-on"}
MATERIAL_AND_TEXTURE	Material and Texture Mapping	Phân biệt giữa vật liệu (xác định thuộc tính bề mặt như độ bóng, màu sắc) và kết cấu (áp một hình ảnh 2D lên bề mặt 3D).	RENDERING_CONCEPTS	material, texture, UV mapping, shading	GIT	{"icon": "bowling-ball"}
KEYFRAME_ANIMATION	Keyframe Animation	Nắm vững nguyên tắc tạo hoạt hình bằng cách định nghĩa các trạng thái chính (keyframe) tại các điểm thời gian khác nhau và để phần mềm nội suy chuyển động ở giữa.	3D_ANIMATION_PRINCIPLES	keyframe, animation, timeline, interpolation	GIT	{"icon": "film"}
BOOLEAN_OPERATIONS_3D	3D Boolean Operations	Sử dụng các phép toán Boolean (Union, Subtract, Intersect) trên các khối hình học rắn để tạo ra các hình dạng 3D phức tạp.	SOLID_MODELING	boolean operations, CSG, 3D modeling	GIT	{"icon": "shapes"}
MESH_EXTRUSION	Mesh Extrusion	Hiểu kỹ thuật kéo dài (extrude) một mặt, cạnh hoặc đỉnh của một mắt lưới để tạo ra hình khối mới.	POLYGONAL_MODELING	extrude, polygonal modeling, 3D modeling	GIT	{"icon": "caret-square-up"}
POLYGON_MESH	Polygonal Mesh (Vertex, Edge, Face)	Nắm vững cấu trúc của một mắt lưới đa giác, bao gồm ba thành phần cơ bản là đỉnh (vertex), cạnh (edge), và mặt (face).	POLYGONAL_MODELING	mesh, vertex, edge, face, 3D model	GIT	{"icon": "draw-polygon"}
TRANSFORMATION_OPERATIONS	2D Transformation Operations	Thực hiện các phép biến đổi hình học 2D cơ bản trên các đối tượng đồ họa: di chuyển (translate), xoay (rotate), và thay đổi kích thước (scale).	RASTER_GRAPHICS_CONCEPTS, VECTOR_GRAPHICS_CONCEPTS	transform, translate, rotate, scale	GIT	{"icon": "expand-arrows-alt"}
COLOR_THEORY	Color Theory	Hiểu các mô hình màu cơ bản (RGB, CMYK, HSV) và các nguyên tắc phối màu (tương phản, tương đồng) trong thiết kế.	GRAPHIC_DESIGN_PRINCIPLES	color theory, RGB, CMYK, color wheel	GIT	{"icon": "palette"}
COMPOSITION_PRINCIPLES	Composition Principles	Áp dụng các nguyên tắc bố cục trong thiết kế như Quy tắc 1/3, đường dẫn thị giác, và sự cân bằng để tạo ra một thiết kế hài hòa.	GRAPHIC_DESIGN_PRINCIPLES	composition, layout, rule of thirds, balance	GIT, HCI	{"icon": "th-large"}
BASIC_MECHANISMS	Basic Mechanisms	Nhận biết và hiểu nguyên lý hoạt động của các cơ cấu cơ khí đơn giản như bánh răng, đòn bẩy và ròng rọc.	BASIC_MECHANISMS	gears, levers, pulleys, mechanical advantage	SPD	{"icon": "cogs"}
BASIC_ELECTRONIC_COMPONENTS	Basic Electronic Components	Nhận biết các linh kiện điện tử thụ động (điện trở, tụ điện) và chủ động (transistor, diode) và chức năng cơ bản của chúng.	BASIC_ELECTRONIC_COMPONENTS	resistor, capacitor, diode, transistor	AR	{"icon": "bolt"}
CIRCUIT_PRINCIPLES	Basic Circuit Principles	Áp dụng các nguyên tắc cơ bản về mạch điện, như định luật Ohm và cách các linh kiện hoạt động khi mắc nối tiếp và song song.	CIRCUIT_PRINCIPLES	Ohm's law, series circuit, parallel circuit	AR	{"icon": "project-diagram"}
OSI_MODEL	The OSI Model	Mô tả 7 tầng của mô hình tham chiếu OSI và chức năng chính của mỗi tầng trong quá trình giao tiếp mạng.	NET_LAYERS	OSI model, 7 layers, networking model	NC	{"icon": "layer-group"}
TCP_IP_MODEL	The TCP/IP Model	Mô tả 4 tầng của mô hình TCP/IP (mô hình thực tế của Internet) và sự tương ứng với mô hình OSI.	NET_LAYERS	TCP/IP model, Internet protocol suite	NC	{"icon": "network-wired"}
IPV4_VS_IPV6	IPv4 vs. IPv6	So sánh cấu trúc, không gian địa chỉ và sự cần thiết của IPv6 so với IPv4.	IP_ROUTING	IPv4, IPv6, IP address, addressing	NC	{"icon": "map-signs"}
SUBNETTING	Subnetting	Nắm vững kỹ thuật chia một mạng IP lớn thành các mạng con (subnets) nhỏ hơn để quản lý hiệu quả và tối ưu hóa địa chỉ.	IP_ROUTING	subnet, subnet mask, CIDR, networking	NC	{"icon": "sitemap"}
GREEDY_ALGORITHMS	Greedy Algorithms	Hiểu chiến lược thiết kế thuật toán Tham lam: đưa ra lựa chọn có vẻ tốt nhất ở mỗi bước với hy vọng dẫn đến giải pháp tối ưu toàn cục.	ALGO_STRATEGIES	greedy, optimization, algorithmic strategy	AL	{"icon": "hand-holding-usd"}
DIVIDE_CONQUER	Divide and Conquer	Hiểu chiến lược Chia để trị: chia bài toán lớn thành các bài toán con độc lập, giải quyết chúng, rồi kết hợp kết quả lại.	ALGO_STRATEGIES	divide and conquer, recursion, merge sort	AL	{"icon": "columns"}
DYNAMIC_PROGRAMMING	Dynamic Programming	Hiểu kỹ thuật Quy hoạch động: giải quyết các bài toán con chồng chéo bằng cách lưu lại kết quả để tránh tính toán lại.	ALGO_STRATEGIES	dynamic programming, DP, memoization, tabulation	AL	{"icon": "table"}
BIG_O_NOTATION	Big O Notation	Sử dụng ký hiệu Big O để mô tả độ phức tạp tiệm cận (asymptotic complexity) của thuật toán, đo lường hiệu năng khi kích thước đầu vào tăng lên.	ALGO_ANALYSIS	Big O, complexity, time complexity, space complexity	AL	{"icon": "tachometer-alt"}
LINEAR_BINARY_SEARCH	Linear vs. Binary Search	So sánh độ phức tạp (O(n) vs O(log n)) và điều kiện áp dụng (mảng bất kỳ vs mảng đã sắp xếp) của hai thuật toán tìm kiếm cơ bản.	SEARCH_SORT_ALGO	linear search, binary search, search algorithm	AL	{"icon": "search"}
BUBBLE_INSERTION_SORT	Bubble Sort & Insertion Sort	Hiểu và triển khai các thuật toán sắp xếp đơn giản như Sắp xếp nổi bọt (Bubble Sort) và Sắp xếp chèn (Insertion Sort), với độ phức tạp O(n^2).	SEARCH_SORT_ALGO	bubble sort, insertion sort, sorting algorithms	AL	{"icon": "sort-amount-down"}
TRUTH_TABLES	Truth Tables	Kỹ thuật lập bảng chân lý để xác định giá trị logic của một mệnh đề phức hợp dựa trên tất cả các khả năng của các mệnh đề thành phần.	LOGIC_PROPOSITIONS	truth table, propositional logic, boolean	MSF	{"icon": "table-list"}
LOGIC_GATES	Logic Gates (AND, OR, NOT)	Nắm vững hoạt động của các cổng logic cơ bản (AND, OR, NOT) và cách chúng thực hiện các phép toán Boolean trên các tín hiệu nhị phân.	BOOLEAN_ALGEBRA	logic gates, AND, OR, NOT, digital logic	AR, MSF	{"icon": "gate-open"}
PRIMITIVE_TYPE_DECLARATION	Declaring Primitive Types	Nắm vững cú pháp khai báo biến với các kiểu dữ liệu nguyên thủy (int, bool, float) trong một ngôn ngữ lập trình cụ thể.	PRIMITIVE_TYPES	declaration, primitive types, int, boolean	SDF	{"icon": "tag"}
REFERENCE_TYPE_DECLARATION	Declaring Reference Types	Nắm vững cú pháp khai báo biến với các kiểu dữ liệu tham chiếu (String, Array, Object) và hiểu cách chúng được lưu trữ trong bộ nhớ.	REFERENCE_TYPES	declaration, reference types, string, object	SDF	{"icon": "link"}
IF_ELSE_STATEMENT	If-Else Statement	Nắm vững cú pháp và logic của câu lệnh if-else để thực hiện một trong hai khối mã dựa trên một điều kiện logic.	CONDITIONAL_LOGIC	if-else, conditional statement, selection	SDF	{"icon": "code-branch"}
SWITCH_CASE	Switch-Case Statement	Sử dụng câu lệnh switch để lựa chọn thực thi một trong nhiều khối mã dựa trên giá trị của một biến hoặc biểu thức.	CONDITIONAL_LOGIC	switch-case, selection, multi-way branching	SDF	{"icon": "list-ul"}
FOR_LOOP	For Loop	Nắm vững cú pháp và cách sử dụng vòng lặp for để lặp lại một khối mã một số lần xác định, thường dùng để duyệt qua các tập hợp.	ITERATION_LOOPS	for loop, iteration, looping, repetition	SDF	{"icon": "redo"}
WHILE_LOOP	While Loop	Nắm vững cú pháp và cách sử dụng vòng lặp while để lặp lại một khối mã khi một điều kiện cho trước vẫn còn đúng.	ITERATION_LOOPS	while loop, iteration, looping, condition	SDF	{"icon": "sync"}
ARRAY_OPERATIONS	Array Operations	Thực hiện các thao tác cơ bản trên mảng: truy cập phần tử qua chỉ số (index), lấy độ dài, và duyệt qua các phần tử.	ARRAYS	array, index, access, iteration	SDF	{"icon": "th"}
LIST_OPERATIONS	List Operations	Thực hiện các thao tác trên danh sách động: thêm, xóa, tìm kiếm phần tử và lấy kích thước.	LISTS_COLLECTIONS	list, add, remove, search, dynamic array	SDF	{"icon": "list-ol"}
UNIT_TESTING	Unit Testing	Hiểu và viết các bài kiểm thử đơn vị để xác minh tính đúng đắn của từng hàm hoặc phương thức một cách độc lập.	UNIT_INTEGRATION_TESTING	unit test, TDD, test case, assertion	SE	{"icon": "vial"}
BREAKPOINTS	Using Breakpoints	Nắm vững cách sử dụng các điểm dừng (breakpoints) trong một IDE để tạm dừng chương trình và kiểm tra trạng thái của các biến.	DEBUGGING_TECH	breakpoint, debugger, debugging, IDE	SDF	{"icon": "bug"}
HTML_STRUCTURE	HTML Document Structure	Nắm vững cấu trúc cơ bản của một tài liệu HTML với các thẻ <html>, <head>, và <body>.	HTML_CSS	HTML, document structure, head, body	SPD	{"icon": "file-alt"}
CSS_SELECTORS	CSS Selectors	Sử dụng các bộ chọn CSS (theo thẻ, lớp, ID) để nhắm mục tiêu và áp dụng kiểu cho các phần tử HTML cụ thể.	HTML_CSS	CSS, selectors, class, ID, styling	SPD	{"icon": "mouse-pointer"}
DOM_MANIPULATION	DOM Manipulation	Sử dụng JavaScript để truy cập và thay đổi động nội dung, cấu trúc và kiểu dáng của một trang web đang chạy thông qua DOM API.	JAVASCRIPT_DOM	DOM, JavaScript, getElementById, innerHTML	SPD	{"icon": "hand-sparkles"}
SQL_SELECT	SQL SELECT Statement	Nắm vững cú pháp của câu lệnh SELECT để truy vấn và lấy dữ liệu từ một hoặc nhiều cột trong một bảng.	SQL_QUERIES	SQL, SELECT, FROM, WHERE	DM	{"icon": "search"}
SQL_JOIN	SQL JOINs	Sử dụng các loại JOIN (INNER, LEFT, RIGHT) để kết hợp các hàng từ hai hoặc nhiều bảng dựa trên một cột liên quan.	SQL_QUERIES	SQL, JOIN, INNER JOIN, LEFT JOIN	DM	{"icon": "link"}
STACK_OPERATIONS	Stack Operations (Push/Pop)	Hiểu và triển khai hai thao tác cơ bản của cấu trúc dữ liệu Ngăn xếp (LIFO): push (đẩy vào) và pop (lấy ra).	STACKS_QUEUES	stack, push, pop, LIFO	AL	{"icon": "layer-plus"}
QUEUE_OPERATIONS	Queue Operations (Enqueue/Dequeue)	Hiểu và triển khai hai thao tác cơ bản của cấu trúc dữ liệu Hàng đợi (FIFO): enqueue (thêm vào cuối) và dequeue (lấy ra từ đầu).	STACKS_QUEUES	queue, enqueue, dequeue, FIFO	AL	{"icon": "arrow-from-right"}
AI_VS_ML	AI vs. ML vs. Deep Learning	Phân biệt rõ ràng mối quan hệ và sự khác biệt giữa các thuật ngữ: Trí tuệ Nhân tạo, Học máy, và Học sâu.	AI_VS_ML	AI, ML, Deep Learning, definitions	AI	{"icon": "project-diagram"}
USER_PERSONAS	Creating User Personas	Kỹ thuật tạo ra các hồ sơ người dùng hư cấu nhưng dựa trên nghiên cứu, để định hướng và tạo sự đồng cảm trong quá trình thiết kế.	USER_RESEARCH	persona, user research, empathy map	HCI	{"icon": "user-tie"}
USABILITY_TESTING	Usability Testing	Nắm vững quy trình cơ bản của việc kiểm thử tính khả dụng: quan sát người dùng thực sự sử dụng một sản phẩm để xác định các vấn đề.	USABILITY_TESTING	usability testing, user testing, feedback	HCI, SE	{"icon": "clipboard-check"}
PASSWORD_STRENGTH	Strong Passwords	Nắm vững các tiêu chí để tạo một mật khẩu mạnh và an toàn, khó bị đoán hoặc bẻ khóa.	PASSWORD_STRENGTH	password, security, authentication	SEC	{"icon": "key"}
PHISHING_IDENTIFICATION	Identifying Phishing Attempts	Nhận biết các dấu hiệu cảnh báo của một email hoặc tin nhắn lừa đảo, như lỗi chính tả, URL lạ, và yêu cầu khẩn cấp.	PHISHING_SCAMS	phishing, scam, social engineering, email security	SEC, SEP	{"icon": "fish"}
LOGIC_ERRORS	Logical Errors	Nhận biết các lỗi trong logic của chương trình khiến nó chạy không đúng kết quả mong đợi, mặc dù không gây ra lỗi cú pháp hay lỗi runtime.	DEBUGGING_TECH	logical error, bug, incorrect output	SDF, SE	{"icon": "brain"}
SYNTAX_ERRORS	Syntax Errors	Nhận biết các lỗi vi phạm quy tắc cú pháp của ngôn ngữ lập trình, thường được trình biên dịch hoặc thông dịch phát hiện trước khi chạy.	DEBUGGING_TECH	syntax error, compiler error, parsing error	SDF	{"icon": "file-exclamation"}
RUNTIME_ERRORS	Runtime Errors	Nhận biết các lỗi xảy ra trong quá trình chương trình đang chạy, ví dụ như chia cho zero hoặc truy cập vào một phần tử không tồn tại của mảng.	DEBUGGING_TECH	runtime error, exception, crash	SDF	{"icon": "running"}
API_INTEGRATION	API Integration	Hiểu kỹ thuật gọi các API từ bên ngoài để lấy dữ liệu hoặc sử dụng chức năng của một dịch vụ khác trong ứng dụng của mình.	API_DESIGN, SERVER_SIDE_LOGIC	API, integration, REST, fetch	SE, SPD	{"icon": "plug"}
REST_PRINCIPLES	REST Architectural Principles	Nắm vững các nguyên tắc của kiến trúc REST (Representational State Transfer) trong thiết kế API, như stateless và client-server.	API_DESIGN	REST, stateless, API design, architectural style	SE, SPD	{"icon": "network-wired"}
DATABASE_NORMALIZATION	Database Normalization	Hiểu quá trình tổ chức các cột và bảng trong cơ sở dữ liệu quan hệ để giảm thiểu sự dư thừa dữ liệu và cải thiện tính toàn vẹn.	RELATIONAL_DB	normalization, 1NF, 2NF, 3NF, database design	DM	{"icon": "columns"}
STATISTICAL_MEASURES	Basic Statistical Measures	Nắm vững cách tính và ý nghĩa của các thước đo thống kê cơ bản như trung bình (mean), trung vị (median), và độ lệch chuẩn (standard deviation).	STATISTICAL_MEASURES	mean, median, standard deviation, statistics	MSF	{"icon": "chart-bar"}
PROBABILITY_BASICS	Basic Probability	Nắm vững các khái niệm xác suất cơ bản, bao gồm không gian mẫu, biến cố, và các quy tắc tính xác suất (cộng, nhân).	PROBABILITY_BASICS	probability, sample space, event	MSF	{"icon": "dice-d6"}
DATA_DISTRIBUTIONS	Basic Data Distributions	Nhận biết các phân phối dữ liệu phổ biến như phân phối chuẩn (Normal/Gaussian) và phân phối đều (Uniform).	DATA_DISTRIBUTIONS	distribution, normal distribution, uniform distribution	MSF	{"icon": "bell"}
CLASS_DEFINITION	Class Definition	Nắm vững cú pháp để định nghĩa một lớp (class) với các thuộc tính (fields/attributes) và phương thức (methods).	CLASSES_OBJECTS	class, attributes, methods, OOP	SDF, FPL	{"icon": "file-code"}
OBJECT_INSTANTIATION	Object Instantiation	Hiểu quá trình tạo một đối tượng (thể hiện/instance) từ một lớp bằng cách sử dụng hàm khởi tạo (constructor).	CLASSES_OBJECTS	object, instance, constructor, new	SDF, FPL	{"icon": "cube"}
INHERITANCE_SYNTAX	Inheritance Syntax	Nắm vững cú pháp để một lớp con (subclass) có thể kế thừa các thuộc tính và phương thức từ một lớp cha (superclass).	INHERITANCE_POLY	inheritance, subclass, superclass, extends	FPL	{"icon": "sitemap"}
METHOD_OVERRIDING	Method Overriding	Hiểu kỹ thuật ghi đè (override) một phương thức của lớp cha trong lớp con để cung cấp một triển khai cụ thể hơn.	INHERITANCE_POLY	overriding, polymorphism, dynamic dispatch	FPL	{"icon": "clone"}
ACCESS_MODIFIERS	Access Modifiers	Hiểu và sử dụng các từ khóa kiểm soát truy cập (ví dụ: public, private, protected) để thực thi tính đóng gói.	ENCAPSULATION_ABSTRACTION	access modifiers, public, private, encapsulation	FPL	{"icon": "user-lock"}
STATIC_MEMBERS	Static Members	Hiểu về các thuộc tính và phương thức tĩnh (static) thuộc về lớp thay vì một đối tượng cụ thể, hữu ích cho các tiện ích hoặc hằng số chung.	STATIC_MEMBERS	static, class variable, class method	FPL	{"icon": "star-of-life"}
FIRST_CLASS_FUNCTIONS	First-Class & Higher-Order Functions	Khám phá khái niệm hàm là "công dân hạng nhất" và các hàm bậc cao có thể nhận hàm khác làm đối số hoặc trả về một hàm.	FIRST_CLASS_FUNCTIONS	higher-order functions, lambda, closures, first-class functions	FPL	{"icon": "lambda"}
IMMUTABILITY	Immutability and Pure Functions	Nắm vững nguyên tắc về tính bất biến của dữ liệu và các hàm thuần túy (pure functions) không có tác dụng phụ (side effects), giúp mã dễ dự đoán và kiểm thử hơn.	IMMUTABILITY	immutability, pure functions, side effects, functional	FPL	{"icon": "snowflake"}
EVENT_HANDLERS	Events and Event Handling	Hiểu mô hình xử lý sự kiện, trong đó chương trình đăng ký các hàm (event handlers) để phản hồi lại các hành động của người dùng hoặc hệ thống (events).	EVENT_HANDLERS	events, event handler, listener, callback	FPL, HCI	{"icon": "hand-point-up"}
ASYNCHRONOUS_PROG	Asynchronous Programming	Giới thiệu các kỹ thuật lập trình bất đồng bộ như callbacks, promises, hoặc async/await để xử lý các tác vụ tốn thời gian mà không chặn luồng chính.	ASYNCHRONOUS_PROG	async, await, promises, callbacks, non-blocking	FPL, PDC	{"icon": "hourglass-start"}
SHARED_EDITING_ETIQUETTE	Etiquette for Collaborative Editing	Áp dụng các quy tắc ứng xử khi làm việc trên các tài liệu chung, như sử dụng chế độ "gợi ý" (suggesting) và để lại bình luận rõ ràng.	DIGITAL_INTERACTION	collaboration, etiquette, Google Docs, comments	SEP	{"icon": "comments-alt"}
TCP_HANDSHAKE	TCP Three-Way Handshake	Mô tả quá trình bắt tay ba bước (SYN, SYN-ACK, ACK) để thiết lập một kết nối TCP đáng tin cậy.	TRANSPORT_PROTOCOLS	TCP, handshake, SYN, ACK, connection	NC	{"icon": "hands-helping"}
HTTP_METHODS	HTTP Methods (GET, POST)	Phân biệt các phương thức HTTP cơ bản như GET để yêu cầu dữ liệu và POST để gửi dữ liệu lên máy chủ.	APP_PROTOCOLS	HTTP, GET, POST, REST, request methods	NC	{"icon": "exchange"}
DNS_LOOKUP	DNS Lookup Process	Mô tả quá trình phân giải một tên miền (ví dụ: google.com) thành một địa chỉ IP tương ứng để máy tính có thể kết nối.	APP_PROTOCOLS	DNS, domain name, IP address, resolution	NC	{"icon": "book-spells"}
TWO_FACTOR_AUTH	Two-Factor Authentication (2FA)	Hiểu nguyên lý và tầm quan trọng của Xác thực Hai Yếu tố (2FA) trong việc tăng cường bảo mật tài khoản.	TWO_FACTOR_AUTH	2FA, MFA, authentication, security	SEC	{"icon": "key"}
MALWARE_TYPES	Malware Types	Phân biệt các loại phần mềm độc hại phổ biến như virus, worm, và ransomware.	MALWARE_TYPES	malware, virus, ransomware, cybersecurity	SEC	{"icon": "shield-virus"}
WIREFRAMING	Wireframing	Kỹ thuật tạo ra các bản phác thảo cấu trúc (wireframe) cho một trang web hoặc ứng dụng để xác định bố cục và luồng chức năng.	WIREFRAMING_PROTOTYPING	wireframe, UX, design, layout	HCI	{"icon": "pencil-ruler"}
PROTOTYPING	Prototyping	Kỹ thuật tạo ra các mẫu thử tương tác (prototype) từ mức độ chi tiết thấp đến cao để kiểm tra và thu thập phản hồi về ý tưởng thiết kế.	WIREFRAMING_PROTOTYPING	prototype, mockup, UI, UX, Figma	HCI, SE	{"icon": "drafting-compass"}
SCREEN_READERS	Screen Readers	Hiểu cách trình đọc màn hình hoạt động và tầm quan trọng của việc viết mã HTML ngữ nghĩa để hỗ trợ người dùng khiếm thị.	ASSISTIVE_TECH	screen reader, accessibility, a11y, semantic HTML	HCI, SEP	{"icon": "blind"}
WCAG_PRINCIPLES	WCAG Principles (POUR)	Nắm vững bốn nguyên tắc của WCAG: Perceivable (Có thể nhận biết), Operable (Có thể vận hành), Understandable (Có thể hiểu), và Robust (Mạnh mẽ).	WCAG_STANDARDS	WCAG, POUR, accessibility, principles	HCI, SEP	{"icon": "universal-access"}
NETIQUETTE	Netiquette (Online Etiquette)	Nắm vững các quy tắc ứng xử phù hợp khi giao tiếp trực tuyến, như cách viết email, bình luận và tham gia thảo luận một cách chuyên nghiệp.	DIGITAL_INTERACTION	netiquette, digital communication, etiquette	SEP	{"icon": "comments"}
COLLABORATIVE_PLATFORMS	Collaborative Platforms	Sử dụng hiệu quả các nền tảng làm việc nhóm như Google Workspace, Microsoft Teams, và Trello để quản lý công việc và cộng tác.	COLLABORATION_TOOLS	collaboration, teamwork, project management	SEP, SE	{"icon": "users-cog"}
LOCAL_VIEW_STATE	Local View State	Sử dụng cơ chế như @State để quản lý trạng thái đơn giản, chỉ thuộc về một View duy nhất và sẽ bị hủy khi View biến mất.	STATE_MANAGEMENT	state, @State, local state, ephemeral state	HCI, SDF	{"icon": "dot-circle"}
TWO_WAY_BINDING	Two-Way Data Binding	Sử dụng cơ chế như @Binding (ký hiệu $) để tạo một liên kết tham chiếu hai chiều, cho phép một View con vừa đọc vừa ghi vào trạng thái của View cha.	DATA_BINDING	binding, @Binding, two-way binding	HCI, SDF	{"icon": "link"}
SHARED_OBSERVABLE_STATE	Shared Observable State	Sử dụng mẫu Observable Object (với @StateObject, @ObservedObject) để quản lý và chia sẻ các trạng thái phức tạp (dạng class) giữa nhiều View khác nhau.	STATE_MANAGEMENT, OBSERVABLE_MODEL	@StateObject, @ObservedObject, ViewModel, shared state	HCI, FPL	{"icon": "share-alt"}
PUBLISHER_SUBSCRIBER_MODEL	Publisher-Subscriber Model for UI	Hiểu cách một thuộc tính được "phát sóng" (@Published) có thể tự động kích hoạt việc cập nhật giao diện của các View "đăng ký" theo dõi nó.	OBSERVABLE_MODEL	publisher, subscriber, @Published, Combine	FPL, SE	{"icon": "broadcast-tower"}
MVVM_PATTERN	MVVM Architectural Pattern	Áp dụng mẫu kiến trúc Model-View-ViewModel để tách biệt giao diện (View), trạng thái và logic giao diện (ViewModel), và dữ liệu cốt lõi (Model).	STATE_MANAGEMENT	MVVM, architecture, ViewModel	SE, HCI	{"icon": "sitemap"}
TAP_GESTURE	Tap Gesture	Nhận biết và phản hồi lại các sự kiện chạm đơn hoặc chạm nhiều lần của người dùng trên một View.	GESTURE_HANDLING	tap, onTapGesture, double tap	HCI	{"icon": "hand-point-up"}
DRAG_GESTURE	Drag Gesture	Theo dõi và xử lý cử chỉ kéo của người dùng để di chuyển các đối tượng hoặc thực hiện các hành động tương tác.	GESTURE_HANDLING	drag, translation, gesture	HCI	{"icon": "arrows-alt"}
IMPLICIT_EXPLICIT_ANIMATION	Implicit vs. Explicit Animation	Phân biệt và áp dụng hiệu ứng chuyển động ngầm định (gắn vào View) và tường minh (kích hoạt tại một thời điểm cụ thể).	UI_ANIMATION	implicit, explicit, animation, withAnimation	GIT, HCI	{"icon": "magic"}
VIEW_TRANSITIONS	View Transitions	Định nghĩa cách một View xuất hiện hoặc biến mất khỏi màn hình bằng các hiệu ứng như mờ dần, trượt, hoặc co giãn.	UI_ANIMATION	transition, .transition, effects	GIT, HCI	{"icon": "exchange-alt"}
MAP_INTEGRATION	Map Integration	Tích hợp và hiển thị một bản đồ tương tác trong ứng dụng, điều khiển vùng hiển thị và thêm các điểm đánh dấu (annotations).	GEOSPATIAL_SERVICES	MapKit, MapView, annotation	SPD	{"icon": "map-marked-alt"}
LOCATION_SERVICES_API	Location Services API	Yêu cầu quyền và sử dụng các API của hệ điều hành (Core Location) để lấy vị trí hiện tại của người dùng.	GEOSPATIAL_SERVICES	Core Location, location, GPS, permissions	SPD	{"icon": "location-arrow"}
MEDIA_PICKER_API	Media Picker API	Tích hợp giao diện chọn media của hệ thống (PhotosPicker) để cho phép người dùng chọn ảnh hoặc video từ thư viện một cách an toàn.	MEDIA_SERVICES	PhotosPicker, image picker, media library	SPD	{"icon": "images"}
LOCAL_NOTIFICATION_API	Local Notification API	Sử dụng API hệ thống (UserNotifications) để lập lịch và gửi các thông báo cục bộ cho người dùng dựa trên thời gian hoặc các sự kiện khác.	MEDIA_SERVICES	UserNotifications, local notification, alert	NC	{"icon": "bell"}
APP_EXTENSION_MODEL	App Extension Model	Hiểu mô hình kiến trúc của các thành phần mở rộng như Widgets, chạy độc lập nhưng liên kết với ứng dụng chính để hiển thị dữ liệu.	APP_EXTENSION_MODEL	app extensions, WidgetKit, widgets	SPD	{"icon": "puzzle-piece"}
KEY_VALUE_PERSISTENCE	Key-Value Persistence	Sử dụng cơ chế lưu trữ key-value đơn giản của hệ điều hành (UserDefaults, @AppStorage) để lưu các cài đặt và tùy chọn nhỏ của người dùng.	USER_PREFERENCES_STORAGE	UserDefaults, AppStorage, key-value	SDF	{"icon": "tags"}
CORE_DATA_ORM	Core Data (ORM)	Sử dụng framework Core Data như một Object-Relational Mapper (ORM) để định nghĩa model, thiết lập stack, và quản lý việc lưu trữ, truy vấn, xóa, sửa dữ liệu.	STRUCTURED_DATA_STORAGE	Core Data, ORM, NSManagedObject, FetchRequest	DM	{"icon": "database"}
JSON_SERIALIZATION	JSON Serialization/Deserialization	Sử dụng cơ chế Codable để mã hóa (serialize) các đối tượng Swift thành định dạng JSON và giải mã (deserialize) JSON ngược lại thành đối tượng.	API_DESIGN, DATA_ENCODING	JSON, Codable, serialization, deserialization, Encoder, Decoder	AL, SE	{"icon": "file-code"}
IMPLICIT_ANIMATION	Implicit Animation	Áp dụng hiệu ứng chuyển động ngầm định gắn trực tiếp vào View để tự động mượt mà hoá thay đổi trạng thái.	UI_ANIMATION	implicit animation, withAnimation, smooth transitions	HCI	{"icon": "wand-magic-sparkles"}
EXPLICIT_ANIMATION	Explicit Animation	Kích hoạt hiệu ứng chuyển động một cách tường minh tại thời điểm cụ thể để phản hồi sự kiện hoặc thay đổi trạng thái.	UI_ANIMATION	explicit animation, withAnimation, control	HCI	{"icon": "magic"}
UI_ANIMATION_TRANSITION	UI Animation Transitions	Xác định cách một View xuất hiện/biến mất bằng các hiệu ứng chuyển tiếp (fade, slide, scale).	UI_ANIMATION	transition, fade, slide, scale	HCI	{"icon": "exchange-alt"}
LONGPRESS_GESTURE	Long Press Gesture	Nhận biết và xử lý cử chỉ nhấn giữ, theo dõi trạng thái và thời lượng để kích hoạt hành động phù hợp.	GESTURE_HANDLING	long press, gesture, onLongPressGesture	HCI	{"icon": "hand-point-down"}
VIEW_LIFECYCLE	View Lifecycle	Thực thi hành động khi View xuất hiện hoặc biến mất (onAppear/onDisappear), gắn tác vụ theo vòng đời.	VIEW_LIFECYCLE	onAppear, onDisappear, lifecycle	HCI	{"icon": "clock"}
MAP_ANNOTATIONS	Map Annotations	Hiển thị ghim mặc định hoặc chú thích tuỳ chỉnh trên bản đồ, liên kết dữ liệu với vị trí.	MAP_ANNOTATIONS	map annotations, MapAnnotation, custom pin	SPD	{"icon": "map-pin"}
WIDGETKIT_INTEGRATION	WidgetKit Integration	Tạo widget và cấu hình provider/timeline để hiển thị nội dung từ ứng dụng chính.	WIDGETKIT_INTEGRATION	WidgetKit, timeline, provider	SPD	{"icon": "puzzle-piece"}
RETURN_VALUES	Function Return Values	Định nghĩa hàm có giá trị trả về và sử dụng giá trị đó trong luồng xử lý.	RETURN_VALUES	return, output, scope	SDF	{"icon": "arrow-left"}
EXCEPTION_HANDLING	Exception Handling	Sử dụng try/catch để quản lý ngoại lệ và tăng độ ổn định cho chương trình.	EXCEPTION_HANDLING	try-catch, error, exception	SDF, SE	{"icon": "exclamation-circle"}
APP_PROTOCOLS	Application Layer Protocols	Nhận biết và sử dụng các giao thức tầng ứng dụng như HTTP, DNS, FTP trong hệ thống mạng.	APP_PROTOCOLS	HTTP, DNS, FTP, application layer	NC	{"icon": "globe-americas"}
UI_MODIFIERS	UI Modifiers	Tùy biến giao diện của View bằng các modifiers như font, color, padding, background.	UI_MODIFIERS	modifiers, styling, padding	HCI	{"icon": "paint-brush"}
STACK_LAYOUT	Stack-Based Layout	Sắp xếp các View theo chiều dọc/ngang hoặc chồng (VStack/HStack/ZStack).	STACK_LAYOUT	stack, VStack, HStack, ZStack	HCI	{"icon": "layer-group"}
GRID_LAYOUT	Grid-Based Layout	Tạo bố cục lưới hai chiều để hiển thị bộ sưu tập nội dung.	GRID_LAYOUT	grid, LazyVGrid, LazyHGrid	HCI	{"icon": "th"}
DATA_BINDING	Data Binding	Liên kết hai chiều giữa dữ liệu và control trên giao diện để đồng bộ trạng thái.	DATA_BINDING	binding, two-way, @Binding	HCI, SDF	{"icon": "link"}
USER_PREFERENCES_STORAGE	User Preferences Storage	Lưu trữ các cài đặt nhỏ của người dùng bằng cơ chế key-value (UserDefaults/@AppStorage).	USER_PREFERENCES_STORAGE	preferences, key-value, UserDefaults	SDF	{"icon": "sliders-h"}
USER_PREFS_STORAGE	User Prefs Storage	Biến thể mã cho lưu trữ tuỳ chọn người dùng bằng cơ chế key-value.	USER_PREFERENCES_STORAGE	preferences, key-value, UserDefaults	SDF	{"icon": "sliders-h"}
STRUCTURED_ONDEVICE_DB	Structured On-Device DB	Quản lý dữ liệu có cấu trúc trên thiết bị bằng cơ sở dữ liệu/ORM.	STRUCTURED_DATA_STORAGE	on-device DB, Core Data, files	DM	{"icon": "database"}
UI_ANIMATION	UI Animation	Khái niệm chung về hiệu ứng chuyển động/chuyển tiếp trong giao diện người dùng.	UI_ANIMATION	animation, transition, motion	HCI	{"icon": "film"}
TRANSPORT_PROTOCOLS	Transport Protocols	Nhận biết sự khác biệt và cách sử dụng TCP/UDP.	TRANSPORT_PROTOCOLS	TCP, UDP, ports	NC	{"icon": "shipping-fast"}
NETWORK_PROTOCOLS	Network Protocols	Tầng mạng và giao thức phổ biến (OSI/TCP-IP).	NET_LAYERS, APP_PROTOCOLS	OSI, TCP/IP, protocols	NC	{"icon": "network-wired"}
LAYOUT_COMPOSITION	Layout Composition	Kết hợp các thành phần UI thành bố cục linh hoạt và thích ứng.	STACK_LAYOUT, GRID_LAYOUT	layout, composition, stacks, grids	HCI	{"icon": "th-large"}
OOP	Object-Oriented Programming	Khái niệm tổng quát về OOP với class/object, kế thừa và đa hình.	CLASSES_OBJECTS, INHERITANCE_POLY	class, object, inheritance, polymorphism	FPL, SDF	{"icon": "object-group"}
ENCRYPTION_PROTOCOLS	Encryption & Secure Protocols	Áp dụng TLS/SSL/HTTPS để đảm bảo truyền thông an toàn.	ENCRYPTION_PROTOCOLS	encryption, TLS, SSL, HTTPS	SEC	{"icon": "lock"}
OS_FILE_SYSTEMS	Operating System File Systems	Tổ chức và truy cập dữ liệu trên thiết bị lưu trữ qua hệ thống tệp.	OS_FILE_SYSTEMS	file system, directory, allocation	OS	{"icon": "folder-open"}
ONDEVICE_PERSISTENCE	On-Device Persistence	Lưu trữ dữ liệu bền vững trên thiết bị (key-value, file, DB).	STRUCTURED_DATA_STORAGE	persistence, storage, on-device	DM	{"icon": "save"}
NETWORK_SECURITY	Network Security	Bảo vệ hạ tầng và dữ liệu trên mạng (tường lửa, mã hoá, IDS/IPS).	ENCRYPTION_PROTOCOLS, FIREWALLS_IDS, NETWORK_ATTACKS	security, firewall, IDS, IPS	SEC	{"icon": "user-shield"}
DIGITAL_CITIZENSHIP	Digital Citizenship	Nguyên tắc ứng xử và trách nhiệm trong môi trường số.	DIGITAL_CITIZENSHIP	ethics, privacy, safety	SEP	{"icon": "user-shield"}
VAR_CONSTANTS	Variables and Constants	Phân biệt biến/hằng, phạm vi và khai báo.	VAR_CONSTANTS	variables, constants, scope	SDF, FPL	{"icon": "tag"}
FUNC_SYNTAX	Function Syntax	Định nghĩa, tham số và gọi hàm.	FUNC_SYNTAX	functions, parameters, calls	SDF	{"icon": "function"}
ITERATION_LOOPS	Iteration & Loops	Khái niệm tổng quát về vòng lặp xác định/không xác định.	ITERATION_LOOPS	for loop, while loop, repeat-while	SDF	{"icon": "redo"}
INHERITANCE_POLY	Inheritance & Polymorphism	Tổng quan về kế thừa và đa hình.	INHERITANCE_POLY	inheritance, polymorphism	FPL	{"icon": "sitemap"}
DEVELOPMENT_PROCESS	Software Development Process	Tổng quan về quy trình phát triển phần mềm.	DEVELOPMENT_PROCESS	Agile, Waterfall, process	SE	{"icon": "timeline"}
NOTIFICATION_SERVICES	Notification Services	Sử dụng dịch vụ hệ thống để gửi thông báo (local notifications).	MEDIA_SERVICES	notifications, UserNotifications	NC	{"icon": "bell"}
MEDIA_SERVICES	Media & System Services	Tương tác với PhotosPicker, Camera, âm thanh và thông báo.	MEDIA_SERVICES	media, system services, photos	SPD	{"icon": "photo-video"}
GEOSPATIAL_SERVICES	Geospatial Services	Tương tác với MapKit và API vị trí.	GEOSPATIAL_SERVICES	maps, Core Location, GPS	SPD	{"icon": "map-marked-alt"}
UI_ARCH_PATTERNS	UI Architecture Patterns	Áp dụng MVC/MVVM để tổ chức giao diện và trạng thái.	UI_ARCH_PATTERNS	MVC, MVVM, architecture	SE, HCI	{"icon": "sitemap"}
OS_CONCEPTS	Operating System Concepts	Khái niệm nền tảng của HĐH: tiến trình, bộ nhớ, hệ thống tệp.	OS_PROCESS_MGMT, OS_MEMORY_MGMT, OS_FILE_SYSTEMS	process, memory, file system	OS	{"icon": "window-restore"}
SYSTEMATIC_TROUBLESHOOTING	Systematic Troubleshooting	Quy trình chẩn đoán có hệ thống để cô lập và khắc phục lỗi.	TROUBLESHOOTING_METHODOLOGY	diagnostics, logging, breakpoints	SE, SDF	{"icon": "search"}
API_DESIGN	API Design	Thiết kế RESTful API, nguyên tắc stateless và mô hình tài nguyên.	API_DESIGN	API, REST, endpoints	SE	{"icon": "plug"}
VERSION_CONTROL	Version Control	Khái niệm và quy trình làm việc cơ bản với Git.	VERSION_CONTROL_WORKFLOW	Git, VCS, workflow	SE	{"icon": "code-branch"}
UI_UX_HEURISTICS	Usability Heuristics	Nguyên tắc khả dụng phổ biến để đánh giá giao diện.	UI_UX_HEURISTICS	heuristics, usability, Nielsen	HCI	{"icon": "check-circle"}
UI_UX_PROCESS	UI/UX Design Process	Quy trình thiết kế lấy người dùng làm trung tâm từ nghiên cứu đến kiểm thử.	USER_RESEARCH, WIREFRAMING_PROTOTYPING	UX, process, research, prototyping	HCI	{"icon": "drafting-compass"}
GESTURE_HANDLING	Gesture Handling	Xử lý các cử chỉ như chạm, nhấn giữ, kéo.	GESTURE_HANDLING	gestures, tap, long press, drag	HCI	{"icon": "hand-pointer"}
SHA	Shared State Object (Alias)	Alias cho quản lý trạng thái chia sẻ giữa View bằng ObservableObject.	STATE_MANAGEMENT, OBSERVABLE_MODEL	@StateObject, @ObservedObject, shared state	HCI, FPL	{"icon": "share-alt"}
UI_BUILDING_BLOCKS	UI Building Blocks	Các thành phần UI cơ bản và cách kết hợp/tùy biến chúng.	UI_CONTROLS, UI_MODIFIERS	UI components, controls, styling	HCI	{"icon": "cubes"}
OBSERVABLE_MODEL	Observable Model Pattern	Mẫu thiết kế phát/nhận cập nhật dữ liệu qua thuộc tính @Published và Combine.	OBSERVABLE_MODEL	observable, publisher, subscriber, @Published	SE, FPL	{"icon": "broadcast-tower"}
REFERENCE_TYPES	Reference Data Types	Các kiểu dữ liệu tham chiếu như string, array, object và quản lý bộ nhớ.	REFERENCE_TYPES	reference types, objects, strings, arrays	SDF, FPL	{"icon": "link"}
DEVICE_PROTECTION	Device & Account Security	Các biện pháp bảo vệ thiết bị và tài khoản: mật khẩu mạnh, 2FA.	PASSWORD_STRENGTH, TWO_FACTOR_AUTH	security, device, account, 2FA	SEC	{"icon": "shield-halved"}
OPERATORS_EXPRESSIONS	Operators & Expressions	Sử dụng toán tử số học/so sánh/logic để xây dựng biểu thức.	ARITHMETIC_OPS, COMPARISON_LOGICAL_OPS	operators, expressions, arithmetic, logical	SDF	{"icon": "calculator-alt"}
DESIGN_PATTERNS	Software Design Patterns	Các mẫu thiết kế phổ biến: Singleton, Factory, Adapter, Decorator.	CREATIONAL_PATTERNS, STRUCTURAL_PATTERNS, BEHAVIORAL_PATTERNS	design patterns, singleton, factory, adapter	SE	{"icon": "puzzle-piece"}
CLOUD_COMPUTING	Cloud Computing Concepts	Mô hình dịch vụ/triển khai và khái niệm cốt lõi của điện toán đám mây.	CLOUD_MODELS_IAAS_PAAS_SAAS, CLOUD_DEPLOYMENT_MODELS, VIRTUALIZATION	cloud, IaaS, PaaS, SaaS	PDC	{"icon": "cloud"}
DATA_STRUCTURES_BASIC	Basic Data Structures	Khái niệm tổng quát về mảng/danh sách và thao tác cơ bản.	ARRAYS, LISTS_COLLECTIONS	array, list, collection	SDF, AL	{"icon": "list-ol"}
CONDITIONAL_LOGIC	Conditional Logic	Cấu trúc rẽ nhánh: if-else, switch-case.	CONDITIONAL_LOGIC	if, switch, branching	SDF	{"icon": "code-branch"}
TROUBLESHOOTING	Troubleshooting Fundamentals	Kỹ năng chẩn đoán và cô lập lỗi phần mềm/hệ thống.	TROUBLESHOOTING_METHODOLOGY	troubleshooting, diagnostics, logs	SE	{"icon": "screwdriver-wrench"}
CLASSES_OBJECTS	Classes & Objects	Định nghĩa class, khởi tạo object và thuộc tính/phương thức.	CLASSES_OBJECTS	class, object, instantiation	SDF, FPL	{"icon": "file-code"}
VARIABLES_DATA_TYPES	Variables & Data Types	Phân biệt kiểu nguyên thuỷ và tham chiếu; khai báo biến/hằng.	VAR_CONSTANTS, PRIMITIVE_TYPES, REFERENCE_TYPES	variables, data types, primitive, reference	SDF	{"icon": "tags"}
STATE_MANAGEMENT	State Management	Quản lý trạng thái cục bộ/chia sẻ và cập nhật UI dựa trên trạng thái.	STATE_MANAGEMENT	state, ViewModel, MVVM	HCI, SDF	{"icon": "brain-circuit"}
UI_STATE_LIFECYCLE	UI State Lifecycle	Quản lý tác vụ gắn với vòng đời View (onAppear/onDisappear).	VIEW_LIFECYCLE	lifecycle, onAppear, onDisappear	HCI	{"icon": "clock"}
GRAPHIC_DESIGN_PRINCIPLES	Visual Design Principles	Nguyên tắc màu sắc, bố cục, khoảng trắng và typography.	GRAPHIC_DESIGN_PRINCIPLES	visual design, color, typography	GIT, HCI	{"icon": "palette"}
TESTING_DEBUGGING	Testing & Debugging	Khái niệm chung về kiểm thử và gỡ lỗi; viết unit test cơ bản.	UNIT_INTEGRATION_TESTING	unit testing, debugging, QA	SE	{"icon": "bug"}
ARITHMETIC_OPS	Arithmetic Operators	Sử dụng các toán tử số học (+, -, *, /, %) và hiểu thứ tự ưu tiên.	ARITHMETIC_OPS	arithmetic, operators, math, precedence	SDF	{"icon": "calculator-alt"}
COMPARISON_LOGICAL_OPS	Comparison & Logical Operators	Sử dụng toán tử so sánh và logic để xây dựng biểu thức điều kiện.	COMPARISON_LOGICAL_OPS	comparison, logical, boolean operators	SDF	{"icon": "equals"}
DEBUGGING_TECH	Debugging Techniques	Kỹ thuật gỡ lỗi: breakpoints, logging, kiểm tra trạng thái bằng công cụ IDE.	DEBUGGING_TECH	debugging, breakpoint, logging	SE, SDF	{"icon": "bug-slash"}
DATA_ENCODING	Data Encoding & Compression	Các lược đồ mã hóa và thuật toán nén dữ liệu.	DATA_ENCODING	encoding, compression, ASCII, Unicode	AL	{"icon": "file-archive"}
ENCAPSULATION_ABSTRACTION	Encapsulation & Abstraction	Đóng gói dữ liệu và tạo giao diện trừu tượng để che giấu phức tạp.	ENCAPSULATION_ABSTRACTION	encapsulation, abstraction, data hiding	FPL	{"icon": "box-archive"}
FUNCTIONS_PROCEDURES	Functions & Procedures	Đóng gói mã vào các hàm/thủ tục; truyền tham số và nhận giá trị trả về.	FUNC_SYNTAX, RETURN_VALUES	functions, procedures, parameters, return	SDF	{"icon": "function"}