code	name	description	category_codes	keywords	cs2023_ka_mapping	metadata
HW_CPU	Central Processing Unit (CPU)	Bao gồm kiến trúc, chu kỳ lệnh (fetch-decode-execute), và các thành phần cốt lõi của bộ xử lý trung tâm.	HARDWARE_COMPONENTS	CPU, ALU, CU, registers, instruction cycle	AR	{"icon": "microchip"}
HW_MEMORY	Memory Hierarchy	Bao gồm các cấp bộ nhớ khác nhau như thanh ghi (registers), bộ nhớ đệm (cache), RAM và vai trò của chúng.	HARDWARE_COMPONENTS, MEMORY_IO_SYSTEMS	cache, RAM, registers, memory levels	AR	{"icon": "memory"}
HW_STORAGE	Storage Devices	Các loại thiết bị lưu trữ lâu dài như ổ cứng HDD, SSD và bộ nhớ flash.	HARDWARE_COMPONENTS	HDD, SSD, flash storage, persistent storage	AR	{"icon": "hdd"}
HW_IO	Input/Output Peripherals	Các thiết bị ngoại vi để nhập và xuất dữ liệu như bàn phím, chuột, màn hình, máy in.	HARDWARE_COMPONENTS	input, output, peripherals, keyboard, mouse	AR	{"icon": "keyboard"}
IO_MECHANISMS	I/O Mechanisms	Các phương pháp khác nhau mà CPU sử dụng để giao tiếp với các thiết bị ngoại vi, bao gồm polling, interrupt, và DMA.	MEMORY_IO_SYSTEMS	polling, interrupts, DMA, I/O management	AR, OS	{"icon": "exchange-alt"}
OS_PROCESS_MGMT	Process and Thread Management	Cách hệ điều hành quản lý, lập lịch và chuyển đổi giữa các tiến trình và luồng.	OS_CONCEPTS	process, thread, scheduling, context switch	OS	{"icon": "tasks"}
OS_MEMORY_MGMT	Memory Management in OS	Các kỹ thuật quản lý bộ nhớ của hệ điều hành, bao gồm bộ nhớ ảo (virtual memory) và phân trang (paging).	OS_CONCEPTS	virtual memory, paging, segmentation, memory allocation	OS, AR	{"icon": "ruler-horizontal"}
OS_FILE_SYSTEMS	File Systems	Cấu trúc và cách hệ điều hành tổ chức, lưu trữ và truy cập dữ liệu trên các thiết bị lưu trữ.	OS_CONCEPTS	file system, directory, NTFS, ext4, file allocation	OS	{"icon": "folder-open"}
TROUBLESHOOTING_METHODOLOGY	Systematic Troubleshooting Methodology	Áp dụng một quy trình có hệ thống (ví dụ: xác định vấn đề, giả thuyết, kiểm tra, xác nhận) để giải quyết sự cố phần cứng và phần mềm.	TROUBLESHOOTING	troubleshooting, diagnostics, problem solving	SDF, SE	{"icon": "search"}
ERROR_MESSAGES	Interpreting Error Messages	Kỹ năng đọc và hiểu các thông báo lỗi do chương trình hoặc hệ điều hành cung cấp để xác định nguyên nhân sự cố.	TROUBLESHOOTING, TESTING_DEBUGGING	error handling, exceptions, debugging, log analysis	SDF, SE	{"icon": "exclamation-triangle"}
MCU_PLATFORMS	Microcontroller Platforms	Giới thiệu và làm việc với các nền tảng vi điều khiển phổ biến như Arduino, Raspberry Pi, ESP32.	MICROCONTROLLERS	Arduino, Raspberry Pi, ESP32, microcontrollers	SPD	{"icon": "microchip"}
EMBEDDED_SYSTEMS	Embedded Systems Principles	Các nguyên tắc của hệ thống nhúng, bao gồm các ràng buộc thời gian thực và kiến trúc đặc thù.	MICROCONTROLLERS	embedded systems, real-time, constraints	OS, SPD	{"icon": "cogs"}
GPIO_PROG	GPIO Programming	Lập trình các chân đầu vào/ra đa dụng (GPIO) để đọc tín hiệu số/tương tự và điều khiển PWM.	MICROCONTROLLERS	GPIO, digital I/O, analog I/O, PWM	SPD	{"icon": "code-branch"}
SENSOR_TYPES	Sensor Types and Integration	Các loại cảm biến (nhiệt độ, ánh sáng, chuyển động) và cách tích hợp chúng vào một hệ thống vi điều khiển.	SENSORS_ACTUATORS	sensors, temperature, light, motion, PIR	SPD, GIT	{"icon": "tachometer-alt-fast"}
ACTUATOR_CONTROL	Actuator Control	Điều khiển các cơ cấu chấp hành như động cơ DC, động cơ servo, rơ-le để tạo ra tác động vật lý.	SENSORS_ACTUATORS	actuators, DC motor, servo, relay, control	SPD	{"icon": "fan"}
ROBOT_KINEMATICS	Robot Kinematics and Motion	Các nguyên tắc cơ bản về động học robot (thuận và nghịch) để mô tả và điều khiển chuyển động của các khớp và bộ phận.	ROBOTICS_FUNDAMENTALS	kinematics, robot motion, degrees of freedom	AI	{"icon": "robot"}
ROBOT_CONTROL	Robot Control Systems	Lập trình hệ thống điều khiển cho robot, từ điều khiển vòng hở đến vòng kín (sử dụng phản hồi từ cảm biến).	ROBOTICS_FUNDAMENTALS	control systems, feedback loop, PID controller	AI	{"icon": "gamepad"}
BASIC_MECHANISMS	Basic Mechanical Systems	Giới thiệu các cơ cấu cơ khí đơn giản như bánh răng, đòn bẩy, ròng rọc và vai trò của chúng trong truyền động.	MECHANICAL_SYSTEMS	gears, levers, pulleys, mechanical advantage	SPD	{"icon": "cogs"}
BASIC_ELECTRONIC_COMPONENTS	Basic Electronic Components	Tìm hiểu các linh kiện điện tử thụ động (điện trở, tụ điện) và chủ động (transistor, diode) cơ bản.	ELECTRONIC_CIRCUITS	resistor, capacitor, diode, transistor	AR	{"icon": "bolt"}
CIRCUIT_PRINCIPLES	Basic Circuit Principles	Các nguyên tắc cơ bản về mạch điện, như định luật Ohm, mắc nối tiếp và song song, và cách đọc sơ đồ mạch.	ELECTRONIC_CIRCUITS	Ohm's law, series circuit, parallel circuit, schematics	AR	{"icon": "project-diagram"}
NET_LAYERS	Network Layers and Models	Mô hình phân tầng mạng (OSI, TCP/IP) và chức năng chính của mỗi tầng.	NETWORK_PROTOCOLS	OSI model, TCP/IP model, encapsulation, layers	NC	{"icon": "layer-group"}
IP_ROUTING	IP Addressing and Routing	Địa chỉ IP (IPv4, IPv6), mặt nạ mạng con và các nguyên tắc định tuyến gói tin cơ bản.	NETWORK_PROTOCOLS	IP address, subnet, routing, IPv4, IPv6	NC	{"icon": "route"}
TRANSPORT_PROTOCOLS	Transport Protocols (TCP/UDP)	Sự khác biệt và trường hợp sử dụng của hai giao thức tầng vận chuyển chính: TCP (tin cậy) và UDP (nhanh).	NETWORK_PROTOCOLS	TCP, UDP, port, handshake, datagram	NC	{"icon": "shipping-fast"}
APP_PROTOCOLS	Application Layer Protocols	Các giao thức tầng ứng dụng phổ biến như HTTP (Web), DNS (Phân giải tên miền), FTP (Truyền tệp).	NETWORK_PROTOCOLS	HTTP, DNS, FTP, SMTP, application layer	NC	{"icon": "globe-americas"}
ROUTERS_SWITCHES	Routers and Switches	Phân biệt chức năng của router (định tuyến giữa các mạng khác nhau) và switch (kết nối các thiết bị trong cùng một mạng).	NETWORK_INFRA	router, switch, LAN, WAN, networking hardware	NC	{"icon": "ethernet"}
PHYSICAL_MEDIA	Physical Media & Wireless	So sánh các phương tiện truyền dẫn vật lý (cáp xoắn đôi, cáp quang) và các công nghệ không dây (Wi-Fi, Bluetooth).	NETWORK_INFRA	Ethernet cable, fiber optic, Wi-Fi, Bluetooth	NC	{"icon": "wifi"}
NETWORK_TOPOLOGIES	Network Topologies	Các cấu trúc liên kết mạng phổ biến như Star (Hình sao), Bus, Ring (Vòng), và Mesh (Lưới).	NETWORK_INFRA	topology, star, bus, ring, mesh	NC	{"icon": "sitemap"}
FIREWALLS_IDS	Firewalls and Intrusion Detection Systems	Sử dụng tường lửa để lọc lưu lượng mạng và hệ thống phát hiện/phòng chống xâm nhập (IDS/IPS) để giám sát các mối đe dọa.	NETWORK_SECURITY	firewall, IDS, IPS, network security	SEC	{"icon": "shield-virus"}
ENCRYPTION_PROTOCOLS	Encryption and Secure Protocols	Các nguyên tắc mã hóa và các giao thức bảo mật như TLS/SSL, HTTPS, WPA để bảo vệ dữ liệu trên đường truyền.	NETWORK_SECURITY	encryption, TLS, SSL, HTTPS, WPA	SEC	{"icon": "lock"}
NETWORK_ATTACKS	Common Network Attacks	Nhận diện và hiểu cơ chế của các loại tấn công mạng phổ biến như DoS/DDoS, Man-in-the-Middle, và Spoofing.	NETWORK_SECURITY	DoS, DDoS, man-in-the-middle, spoofing	SEC	{"icon": "user-secret"}
ALGO_STRATEGIES	Algorithmic Strategies	Các chiến lược thiết kế thuật toán kinh điển như Tham lam (Greedy), Chia để trị (Divide & Conquer), và Quy hoạch động (Dynamic Programming).	ALGORITHM_DESIGN	greedy, divide and conquer, dynamic programming	AL	{"icon": "chess-knight"}
ALGO_ANALYSIS	Algorithm Analysis (Big O)	Phân tích độ phức tạp thời gian và không gian của thuật toán bằng ký hiệu Big O để đánh giá hiệu năng.	ALGORITHM_DESIGN	Big O, complexity, time complexity, space complexity	AL	{"icon": "tachometer-alt"}
SEARCH_SORT_ALGO	Searching and Sorting Algorithms	Các thuật toán tìm kiếm (tuần tự, nhị phân) và sắp xếp (chèn, chọn, nổi bọt, nhanh, trộn) kinh điển.	ALGORITHM_DESIGN, DATA_STRUCTURES_ADV	search, sort, binary search, quicksort, merge sort	AL	{"icon": "sort-alpha-down"}
LOGIC_PROPOSITIONS	Propositional Logic	Logic mệnh đề, bảng chân lý và các phép toán logic cơ bản (AND, OR, NOT).	LOGIC_BOOLEAN	proposition, truth table, logical operators	MSF	{"icon": "table-list"}
BOOLEAN_ALGEBRA	Boolean Algebra and Logic Gates	Đại số Boolean và mối liên hệ với các cổng logic, nền tảng của mạch số và biểu thức điều kiện trong lập trình.	LOGIC_BOOLEAN	boolean algebra, logic gates, AND, OR, NOT	MSF, AR	{"icon": "gate-open"}
GRAPH_THEORY	Graph Theory Fundamentals	Các khái niệm cơ bản về lý thuyết đồ thị: đỉnh, cạnh, đường đi, chu trình và các loại đồ thị.	DISCRETE_STRUCTURES	graph, vertex, edge, path, cycle	MSF, AL	{"icon": "project-diagram"}
TREE_STRUCTURES	Tree Structures	Các khái niệm về cấu trúc cây, bao gồm cây nhị phân, các thuật toán duyệt cây (pre-order, in-order, post-order).	DISCRETE_STRUCTURES	tree, binary tree, traversal, root, leaf	MSF, AL	{"icon": "folder-tree"}
VAR_CONSTANTS	Variables and Constants	Giới thiệu khái niệm về biến để lưu trữ dữ liệu có thể thay đổi, hằng số cho giá trị bất biến, và khái niệm về phạm vi (scope) của chúng.	VARIABLES_DATA_TYPES	variables, constants, scope, declaration	SDF, FPL	{"icon": "tag"}
PRIMITIVE_TYPES	Primitive Data Types	Khám phá các kiểu dữ liệu nguyên thủy được xây dựng sẵn trong ngôn ngữ, như số nguyên (integer), số thực (float), logic (boolean) và ký tự (character).	VARIABLES_DATA_TYPES	data types, integer, float, boolean, char	SDF, FPL	{"icon": "tags"}
REFERENCE_TYPES	Reference Data Types	Tìm hiểu về các kiểu dữ liệu tham chiếu (hoặc phức hợp) như chuỗi (string), đối tượng (object), mảng, và sự khác biệt về quản lý bộ nhớ so với kiểu nguyên thủy.	VARIABLES_DATA_TYPES	reference types, objects, strings, arrays, pointers	SDF, FPL	{"icon": "link"}
ARITHMETIC_OPS	Arithmetic Operators	Hướng dẫn sử dụng các toán tử số học cơ bản (+, -, *, /, %) và hiểu về thứ tự ưu tiên của chúng trong các biểu thức.	OPERATORS_EXPRESSIONS	arithmetic, operators, math, precedence	SDF	{"icon": "calculator-alt"}
COMPARISON_LOGICAL_OPS	Comparison and Logical Operators	Sử dụng các toán tử so sánh (==, !=, <, >) và logic (AND, OR, NOT) để xây dựng các biểu thức điều kiện phức tạp.	OPERATORS_EXPRESSIONS	comparison, logical, boolean operators, conditions	SDF	{"icon": "equals"}
CONDITIONAL_LOGIC	Conditional Logic (Selection)	Trình bày các cấu trúc rẽ nhánh như if-else và switch-case để chương trình có thể đưa ra quyết định dựa trên các điều kiện khác nhau.	CONTROL_FLOW	if-else, switch, conditionals, selection, branching	SDF	{"icon": "code-branch"}
ITERATION_LOOPS	Iteration and Loops	Trình bày các cấu trúc lặp như for, while và do-while để thực thi một khối mã lặp đi lặp lại.	CONTROL_FLOW	loops, for, while, iteration, repetition	SDF	{"icon": "redo"}
EXCEPTION_HANDLING	Exception Handling	Giới thiệu kỹ thuật xử lý các lỗi và ngoại lệ xảy ra trong quá trình chạy chương trình bằng khối lệnh try-catch để tăng tính ổn định.	CONTROL_FLOW, TESTING_DEBUGGING	exceptions, try-catch, error handling, robustness	SDF, SE	{"icon": "exclamation-circle"}
FUNC_SYNTAX	Function Syntax and Calls	Hướng dẫn cú pháp định nghĩa và gọi hàm, bao gồm cách truyền tham số (parameters) và đối số (arguments) để thực hiện các tác vụ.	FUNCTIONS_PROCEDURES	functions, methods, parameters, arguments, subroutines	SDF	{"icon": "function"}
RETURN_VALUES	Return Values and Scope	Tìm hiểu cách hàm trả về kết quả và khái niệm về phạm vi của biến (local, global) để quản lý dữ liệu hiệu quả.	FUNCTIONS_PROCEDURES	return, scope, local variables, global variables	SDF	{"icon": "arrow-left"}
ARRAYS	Arrays	Khám phá cấu trúc dữ liệu mảng: khai báo, truy cập phần tử qua chỉ số (index), và các thao tác cơ bản.	DATA_STRUCTURES_BASIC	array, index, data structure, collection	SDF, AL	{"icon": "th"}
LISTS_COLLECTIONS	Lists and Dynamic Collections	Giới thiệu các cấu trúc dữ liệu danh sách động và các bộ sưu tập khác có thể thay đổi kích thước, như List hoặc ArrayList.	DATA_STRUCTURES_BASIC	list, ArrayList, dynamic array, collection	SDF, AL	{"icon": "list-ul"}
CLASSES_OBJECTS	Classes and Objects	Giới thiệu khái niệm trung tâm của OOP: định nghĩa một "khuôn mẫu" (class) với các thuộc tính và hành vi, sau đó tạo ra các "thể hiện" (object) từ khuôn mẫu đó.	OOP	class, object, instantiation, attributes, methods	SDF, FPL	{"icon": "object-group"}
INHERITANCE_POLY	Inheritance and Polymorphism	Khám phá hai trụ cột của OOP: Kế thừa để tái sử dụng và mở rộng code, và Đa hình để xử lý các đối tượng khác nhau qua một giao diện chung.	OOP	inheritance, polymorphism, subclass, superclass, overriding	FPL	{"icon": "sitemap"}
ENCAPSULATION_ABSTRACTION	Encapsulation and Abstraction	Tìm hiểu cách đóng gói dữ liệu để bảo vệ trạng thái của đối tượng và cách tạo ra các giao diện trừu tượng để che giấu sự phức tạp bên trong.	OOP	encapsulation, abstraction, data hiding, access modifiers	FPL	{"icon": "box-archive"}
STATIC_MEMBERS	Static Members	Hiểu về các thuộc tính và phương thức tĩnh (static) thuộc về lớp thay vì một đối tượng cụ thể, hữu ích cho các tiện ích hoặc hằng số chung.	OOP	static, class variable, class method	FPL	{"icon": "star-of-life"}
FIRST_CLASS_FUNCTIONS	First-Class & Higher-Order Functions	Khám phá khái niệm hàm là "công dân hạng nhất" và các hàm bậc cao có thể nhận hàm khác làm đối số hoặc trả về một hàm.	FUNCTIONAL_PROG	higher-order functions, lambda, closures, first-class functions	FPL	{"icon": "lambda"}
IMMUTABILITY	Immutability and Pure Functions	Nắm vững nguyên tắc về tính bất biến của dữ liệu và các hàm thuần túy (pure functions) không có tác dụng phụ (side effects), giúp mã dễ dự đoán và kiểm thử hơn.	FUNCTIONAL_PROG	immutability, pure functions, side effects, functional	FPL	{"icon": "snowflake"}
EVENT_HANDLERS	Events and Event Handling	Hiểu mô hình xử lý sự kiện, trong đó chương trình đăng ký các hàm (event handlers) để phản hồi lại các hành động của người dùng hoặc hệ thống (events).	EVENT_DRIVEN_PROG	events, event handler, listener, callback	FPL, HCI	{"icon": "hand-point-up"}
ASYNCHRONOUS_PROG	Asynchronous Programming	Giới thiệu các kỹ thuật lập trình bất đồng bộ như callbacks, promises, hoặc async/await để xử lý các tác vụ tốn thời gian mà không chặn luồng chính.	EVENT_DRIVEN_PROG	async, await, promises, callbacks, non-blocking	FPL, PDC	{"icon": "hourglass-start"}
AGILE_SCRUM	Agile and Scrum Framework	Giới thiệu các phương pháp và nguyên tắc phát triển phần mềm linh hoạt (Agile), tập trung vào khuôn khổ Scrum với các vai trò, sự kiện và tạo tác của nó.	DEVELOPMENT_PROCESS	Agile, Scrum, sprint, standup, backlog	SE	{"icon": "users-class"}
UNIT_INTEGRATION_TESTING	Unit and Integration Testing	Phân biệt và thực hành viết các bài kiểm thử đơn vị (unit test) để kiểm tra từng thành phần nhỏ và kiểm thử tích hợp (integration test) để kiểm tra sự tương tác giữa chúng.	TESTING_DEBUGGING	unit test, integration test, TDD, test cases	SE	{"icon": "vials"}
DEBUGGING_TECH	Debugging Techniques	Trang bị các kỹ thuật gỡ lỗi hiệu quả, bao gồm sử dụng breakpoints, logging, và các công cụ phân tích lỗi của IDE.	TESTING_DEBUGGING	debugging, breakpoint, debugger, troubleshooting	SDF, SE	{"icon": "bug-slash"}
GIT_BASICS	Git Basics	Hướng dẫn các lệnh Git cơ bản (commit, push, pull, branch) và quy trình làm việc cơ bản để quản lý phiên bản mã nguồn.	VERSION_CONTROL	Git, VCS, commit, push, pull, branch	SE	{"icon": "code-commit"}
HTML_CSS	HTML and CSS Fundamentals	Cung cấp kiến thức nền tảng về Ngôn ngữ Đánh dấu Siêu văn bản (HTML) để cấu trúc nội dung và Cascading Style Sheets (CSS) để định dạng giao diện web.	FRONTEND_DEV	HTML, CSS, selectors, box model, semantic HTML	SPD	{"icon": "file-code"}
JAVASCRIPT_DOM	JavaScript and the DOM	Hướng dẫn lập trình phía client bằng JavaScript và cách sử dụng Mô hình Đối tượng Tài liệu (DOM) để tương tác và thay đổi nội dung trang web một cách linh hoạt.	FRONTEND_DEV	JavaScript, DOM, event handling, client-side scripting	SPD, FPL	{"icon": "js"}
SERVER_SIDE_LOGIC	Server-Side Logic	Xây dựng logic ứng dụng chạy trên máy chủ bằng các ngôn ngữ như Python, Node.js, Java để xử lý yêu cầu, truy cập dữ liệu và thực hiện các nghiệp vụ.	BACKEND_DEV	backend, server-side, Node.js, Python, business logic	SPD	{"icon": "server"}
API_DESIGN	API Design and Development	Thiết kế và xây dựng các Giao diện Lập trình Ứng dụng (API), đặc biệt là RESTful API, để các thành phần phần mềm (frontend, backend, mobile) có thể giao tiếp với nhau.	BACKEND_DEV	API, REST, JSON, HTTP methods, endpoint	SE	{"icon": "plug"}
RELATIONAL_DB	Relational Database Concepts	Giới thiệu các khái niệm cốt lõi của cơ sở dữ liệu quan hệ, bao gồm bảng, khóa chính, khóa ngoại và các nguyên tắc chuẩn hóa dữ liệu.	DATABASE_FUNDAMENTALS	RDBMS, relational model, primary key, foreign key, normalization	DM	{"icon": "table"}
SQL_QUERIES	SQL Queries	Hướng dẫn viết các câu lệnh SQL để truy vấn (SELECT), chèn (INSERT), cập nhật (UPDATE) và xóa (DELETE) dữ liệu từ cơ sở dữ liệu quan hệ.	DATABASE_FUNDAMENTALS	SQL, SELECT, JOIN, GROUP BY, query	DM	{"icon": "search-location"}
TRANSACTION_MANAGEMENT	Database Transaction Management	Tìm hiểu về khái niệm giao dịch và các thuộc tính ACID (Atomicity, Consistency, Isolation, Durability) để đảm bảo tính toàn vẹn của dữ liệu.	DATABASE_FUNDAMENTALS	transaction, ACID, commit, rollback, concurrency control	DM	{"icon": "lock"}
STACKS_QUEUES	Stacks and Queues	Nghiên cứu hai cấu trúc dữ liệu tuyến tính cơ bản: Ngăn xếp (LIFO - Last-In, First-Out) và Hàng đợi (FIFO - First-In, First-Out).	DATA_STRUCTURES_ADV	stack, queue, LIFO, FIFO, data structures	AL	{"icon": "layer-group"}
TREES_HEAPS	Trees and Heaps	Khám phá các cấu trúc dữ liệu dạng cây như cây tìm kiếm nhị phân (BST) và cây đống (heap), cùng các thuật toán liên quan.	DATA_STRUCTURES_ADV, DISCRETE_STRUCTURES	tree, binary search tree, heap, tree traversal	AL	{"icon": "sitemap"}
HASH_TABLES	Hash Tables	Tìm hiểu về cấu trúc dữ liệu bảng băm, cách hoạt động của hàm băm và các chiến lược xử lý xung đột (collision).	DATA_STRUCTURES_ADV	hash table, hash function, dictionary, map, collision	AL	{"icon": "hashtag"}
DATA_VIS_TOOLS	Data Visualization Tools	Hướng dẫn sử dụng các thư viện hoặc công cụ phổ biến (như Matplotlib, Seaborn, D3.js, Tableau) để tạo ra các biểu đồ và đồ thị hiệu quả từ dữ liệu.	DATA_VISUALIZATION	visualization tools, Matplotlib, D3.js, Tableau, charting	GIT, MSF	{"icon": "chart-line"}
SUPERVISED_LEARNING	Supervised Learning	Giới thiệu các mô hình học có giám sát, nơi thuật toán học từ dữ liệu đã được gán nhãn, bao gồm các bài toán Hồi quy (Regression) và Phân loại (Classification).	ML_MODELS	supervised learning, regression, classification, labeled data	AI	{"icon": "tag"}
UNSUPERVISED_LEARNING	Unsupervised Learning	Giới thiệu các mô hình học không giám sát, nơi thuật toán tự khám phá cấu trúc trong dữ liệu chưa được gán nhãn, bao gồm Phân cụm (Clustering).	ML_MODELS	unsupervised learning, clustering, K-Means, unlabeled data	AI	{"icon": "shapes"}
REINFORCEMENT_LEARNING	Reinforcement Learning	Khám phá mô hình học tăng cường, trong đó một tác nhân (agent) học cách hành động trong một môi trường để tối đa hóa phần thưởng tích lũy.	ML_MODELS	reinforcement learning, agent, environment, reward, RL	AI	{"icon": "gamepad-alt"}
IOT_DEVICES_SENSORS	IoT Devices and Sensors	Giới thiệu các loại thiết bị và cảm biến phổ biến trong hệ sinh thái IoT, và cách chúng thu thập dữ liệu từ thế giới thực.	IOT_ECOSYSTEM	IoT devices, sensors, wearables, smart home	SPD	{"icon": "broadcast-tower"}
EDGE_FOG_CLOUD	IoT Architectures (Edge, Fog, Cloud)	Phân tích các kiến trúc xử lý dữ liệu khác nhau trong một hệ thống IoT: tại thiết bị (Edge), tại lớp trung gian (Fog), hoặc trên nền tảng đám mây (Cloud).	IOT_ECOSYSTEM, CLOUD_COMPUTING	edge computing, fog computing, cloud, IoT architecture	SPD, PDC	{"icon": "layer-group"}
IOT_PROTOCOLS_MQTT	IoT Messaging Protocols (MQTT)	Tập trung vào giao thức truyền tin MQTT, một tiêu chuẩn phổ biến cho các thiết bị IoT do tính nhẹ và hiệu quả.	IOT_COMMUNICATION	MQTT, publish-subscribe, IoT protocols, messaging	NC, SPD	{"icon": "envelope-open-text"}
UI_UX_HEURISTICS	Usability Heuristics	Nghiên cứu các nguyên tắc vàng (heuristics) về thiết kế giao diện người dùng để đảm bảo tính khả dụng, dễ học và hiệu quả.	HCI_PRINCIPLES, UI_UX_PROCESS	usability, heuristics, Nielsen's heuristics, user-friendly	HCI	{"icon": "check-circle"}
USER_RESEARCH	User Research and Personas	Tìm hiểu các phương pháp nghiên cứu người dùng (phỏng vấn, khảo sát) và kỹ thuật xây dựng chân dung người dùng (personas) để định hướng quá trình thiết kế.	UI_UX_PROCESS	user research, personas, user interviews, surveys	HCI	{"icon": "user-friends"}
WIREFRAMING_PROTOTYPING	Wireframing and Prototyping	Thực hành các kỹ thuật tạo bản phác thảo cấu trúc (wireframe) và các mẫu thử tương tác (prototype) để trực quan hóa và kiểm tra các ý tưởng thiết kế.	UI_UX_PROCESS	wireframe, prototype, mockup, Figma, Adobe XD	HCI	{"icon": "drafting-compass"}
WCAG_STANDARDS	Web Content Accessibility Guidelines (WCAG)	Giới thiệu các tiêu chuẩn quốc tế (WCAG) và các cấp độ tuân thủ (A, AA, AAA) để đảm bảo nội dung web có thể tiếp cận được bởi người khuyết tật.	ACCESSIBILITY	WCAG, accessibility, a11y, web standards	HCI, SEP	{"icon": "universal-access"}
ASSISTIVE_TECH	Assistive Technologies	Tìm hiểu về các công nghệ hỗ trợ như trình đọc màn hình (screen readers), bàn phím thay thế, và cách chúng giúp người khuyết tật sử dụng công nghệ.	ACCESSIBILITY	assistive tech, screen reader, accessibility tools	HCI, SEP	{"icon": "headset"}
DIGITAL_INTERACTION	Digital Interaction and Etiquette	Phát triển các kỹ năng và quy tắc ứng xử (netiquette) khi giao tiếp và tương tác chuyên nghiệp trong môi trường số, từ email đến các nền tảng cộng tác.	DIGITAL_INTERACTION	netiquette, digital communication, etiquette	SEP	{"icon": "comments"}
COLLABORATION_TOOLS	Digital Collaboration Tools	Hướng dẫn sử dụng hiệu quả các công cụ và nền tảng kỹ thuật số để làm việc nhóm, quản lý dự án và hợp tác từ xa (ví dụ: Trello, Slack, Google Workspace).	COLLABORATION_TOOLS	collaboration, teamwork, project management tools	SEP, SE	{"icon": "users-cog"}
PHISHING_SCAMS	Recognizing Phishing and Scams	Rèn luyện kỹ năng nhận diện các email, tin nhắn và trang web lừa đảo để bảo vệ bản thân và tổ chức khỏi các cuộc tấn công lừa đảo.	DATA_PRIVACY_USER	phishing, scams, social engineering, cybersecurity	SEC, SEP	{"icon": "fish"}
PRIVACY_SETTINGS	Using Privacy Settings and Tools	Hướng dẫn cách sử dụng các cài đặt quyền riêng tư trên các dịch vụ web, mạng xã hội và trình duyệt để kiểm soát thông tin cá nhân.	DATA_PRIVACY_USER	privacy settings, cookies, data protection, GDPR	SEP	{"icon": "user-cog"}
PASSWORD_STRENGTH	Strong Passwords & Authentication	Các tiêu chí để tạo một mật khẩu mạnh và các phương pháp xác thực hiện đại như xác thực hai yếu tố (2FA) để tăng cường bảo mật.	DEVICE_PROTECTION	passwords, authentication, 2FA, MFA, security	SEC	{"icon": "key"}
MALWARE_TYPES	Malware Protection	Phân biệt các loại phần mềm độc hại (virus, worm, ransomware) và các biện pháp phòng chống như sử dụng phần mềm diệt virus.	DEVICE_PROTECTION	malware, virus, ransomware, antivirus	SEC	{"icon": "shield-virus"}
RENDERING	Rendering Pipeline & Techniques	Nghiên cứu các giai đoạn trong quy trình kết xuất đồ họa (graphics pipeline) và các kỹ thuật chính như Rasterization và Ray Tracing.	GRAPHICS_FUNDAMENTALS	rendering pipeline, rasterization, ray tracing, shaders	GIT	{"icon": "image"}
GEOMETRIC_TRANSFORMATIONS	2D/3D Geometric Transformations	Tìm hiểu các phép biến đổi hình học cơ bản (tịnh tiến, quay, co giãn) và cách biểu diễn chúng bằng ma trận trong không gian 2D và 3D.	GEOMETRIC_MODELING	transformations, matrix, translation, rotation, scaling	GIT, MSF	{"icon": "ruler-combined"}
RASTER_GRAPHICS_CONCEPTS	Raster Graphics Concepts	Khám phá các khái niệm liên quan đến đồ họa dựa trên pixel, như lớp (layers), chế độ hòa trộn, mặt nạ, và các công cụ chỉnh sửa.	DIGITAL_IMAGE_MANIPULATION	raster, pixels, layers, blending modes, Photoshop	GIT	{"icon": "paint-brush-alt"}
VECTOR_GRAPHICS_CONCEPTS	Vector Graphics Concepts	Khám phá các khái niệm liên quan đến đồ họa dựa trên đường dẫn toán học, bao gồm đường cong Bézier và các phép toán hình khối.	DIGITAL_IMAGE_MANIPULATION	vector, paths, Bézier curves, SVG, Illustrator	GIT, MSF	{"icon": "vector-square"}
GRAPHIC_DESIGN_PRINCIPLES	Visual Design Principles for UI	Áp dụng các nguyên tắc cốt lõi về màu sắc, bố cục, khoảng trắng và chữ viết (typography) để tạo ra các giao diện người dùng thẩm mỹ và hiệu quả.	GRAPHIC_DESIGN_PRINCIPLES	visual design, color theory, typography, layout, UI	GIT, HCI	{"icon":"palette"}
POLYGONAL_MODELING	3D Polygonal Modeling	Thực hành kỹ thuật mô hình hóa 3D bằng cách sử dụng mắt lưới đa giác (polygonal mesh) gồm các đỉnh, cạnh và mặt.	3D_MODELING_ANIMATION	3D modeling, polygonal mesh, vertex, edge, face	GIT	{"icon": "cube"}
SOLID_MODELING	3D Solid Modeling (CSG)	Thực hành kỹ thuật mô hình hóa 3D bằng cách kết hợp các khối hình học rắn cơ bản thông qua các phép toán Boolean (CSG).	3D_MODELING_ANIMATION	solid modeling, CSG, boolean operations, CAD	GIT	{"icon": "shapes"}
3D_ANIMATION_PRINCIPLES	3D Animation Principles	Áp dụng các nguyên tắc tạo chuyển động cho mô hình 3D, bao gồm tạo khung hình chính (keyframing) và các đường cong chuyển động.	3D_MODELING_ANIMATION	3D animation, keyframe, timeline, rigging	GIT	{"icon": "film"}
RENDERING_CONCEPTS	3D Rendering Concepts	Tìm hiểu các yếu tố cơ bản trong quá trình kết xuất 3D, như vật liệu (materials), kết cấu (textures), và ánh sáng (lighting).	GRAPHICS_FUNDAMENTALS, 3D_MODELING_ANIMATION	3D rendering, materials, textures, lighting, shadows	GIT	{"icon": "lightbulb-on"}
UI_CONTROLS	Basic UI Controls	Sử dụng các control cơ bản để hiển thị thông tin (Text, Image) và nhận tương tác từ người dùng (Button, TextField, Picker).	UI_BUILDING_BLOCKS	Text, Image, Button, TextField, Picker, Toggle	HCI	{"icon": "keyboard"}
UI_MODIFIERS	UI Modifiers	Áp dụng các bộ điều chỉnh (modifiers) để tùy biến giao diện của các View, như thay đổi font, màu sắc, padding và background.	UI_BUILDING_BLOCKS	modifiers, styling, font, color, padding	HCI	{"icon": "paint-brush"}
STACK_LAYOUT	Stack-Based Layout	Sắp xếp các View theo chiều dọc (VStack), chiều ngang (HStack) hoặc xếp chồng lên nhau (ZStack) để tạo các bố cục cơ bản.	LAYOUT_COMPOSITION	stacks, VStack, HStack, ZStack, layout	HCI	{"icon": "layer-group"}
GRID_LAYOUT	Grid-Based Layout	Sắp xếp các View thành một lưới hai chiều, thường được sử dụng để hiển thị các bộ sưu tập.	LAYOUT_COMPOSITION	grid, LazyVGrid, LazyHGrid, collection	HCI	{"icon": "th"}
ADAPTIVE_LAYOUT	Adaptive Layout	Các kỹ thuật để giao diện có thể tự động thích ứng với các kích thước màn hình, hướng và nền tảng khác nhau.	LAYOUT_COMPOSITION	adaptive, responsive, size classes, GeometryReader	HCI	{"icon": "expand-arrows-alt"}
DECLARATIVE_UI_MODEL	Declarative UI Model	Hiểu mô hình lập trình giao diện khai báo, trong đó UI là một hàm của trạng thái (UI = f(state)).	STATE_DATA_FLOW	declarative UI, state-driven, UI as function	HCI, FPL	{"icon": "wand-magic-sparkles"}
STATE_MANAGEMENT	State Management	Quản lý trạng thái giao diện, từ trạng thái cục bộ của một View đến các trạng thái phức tạp và được chia sẻ giữa nhiều View.	STATE_DATA_FLOW	state, @State, @StateObject, ViewModel, Source of Truth	HCI, SDF	{"icon": "brain-circuit"}
DATA_BINDING	Data Binding	Kỹ thuật tạo liên kết hai chiều giữa dữ liệu trong code và các control trên giao diện, cho phép UI tự động cập nhật và ngược lại.	STATE_DATA_FLOW	binding, two-way binding, @Binding	HCI, SDF	{"icon": "link"}
OBSERVABLE_MODEL	Observable Model Pattern	Áp dụng mẫu thiết kế "đối tượng có thể quan sát" để tự động thông báo cho giao diện khi dữ liệu hoặc trạng thái trong một đối tượng phức tạp (ViewModel) thay đổi.	STATE_DATA_FLOW, DESIGN_PATTERNS	observable, publisher, subscriber, @Published	SE, FPL	{"icon": "broadcast-tower"}
HIERARCHICAL_NAVIGATION	Hierarchical Navigation	Xây dựng luồng điều hướng phân cấp (stack-based), cho phép người dùng "đi sâu" vào các màn hình chi tiết và quay trở lại.	NAVIGATION_PRESENTATION	navigation, stack navigation, NavigationStack, push, pop	HCI	{"icon": "sitemap"}
MODAL_PRESENTATION	Modal Presentation	Trình bày các View một cách tạm thời lên trên màn hình hiện tại để thực hiện một tác vụ cụ thể, như điền form hoặc hiển thị cảnh báo.	NAVIGATION_PRESENTATION	modal, sheet, alert, popover, presentation	HCI	{"icon": "window-maximize"}
GESTURE_HANDLING	Gesture Handling	Lập trình để nhận biết và phản hồi lại các cử chỉ tương tác của người dùng như chạm, nhấn giữ và kéo.	INTERACTION_EFFECTS	gestures, tap, drag, long press, interaction	HCI	{"icon": "hand-pointer"}
UI_ANIMATION	UI Animation & Transitions	Áp dụng các hiệu ứng chuyển động và chuyển tiếp để làm cho các thay đổi giao diện trở nên mượt mà và trực quan hơn.	INTERACTION_EFFECTS	animation, transition, motion, effects	GIT, HCI	{"icon": "film"}
GEOSPATIAL_SERVICES	Geospatial Services	Tích hợp và sử dụng các dịch vụ bản đồ và vị trí của nền tảng để hiển thị bản đồ và lấy vị trí người dùng.	PLATFORM_INTEGRATION	MapKit, Core Location, maps, GPS	SPD	{"icon": "map-marked-alt"}
MEDIA_SERVICES	Media & System Services	Tương tác với các dịch vụ hệ thống như thư viện ảnh/video, camera, âm thanh và thông báo.	PLATFORM_INTEGRATION	PhotosPicker, Camera, AVFoundation, UserNotifications	SPD	{"icon": "photo-video"}
USER_PREFERENCES_STORAGE	User Preferences Storage	Sử dụng các cơ chế lưu trữ key-value của hệ điều hành để lưu các cài đặt và tùy chọn nhỏ của người dùng.	APP_PERSISTENCE	UserDefaults, AppStorage, preferences	SDF	{"icon": "sliders-h"}
STRUCTURED_DATA_STORAGE	Structured On-Device Storage	Sử dụng các framework cơ sở dữ liệu như Core Data hoặc ghi/đọc file để quản lý các tập dữ liệu có cấu trúc trên thiết bị.	APP_PERSISTENCE	Core Data, FileManager, Codable, on-device database	DM	{"icon": "database"}
ABSTRACTION_LAYERS	Layers of Abstraction	Hiểu cách các hệ thống phức tạp được xây dựng dựa trên nhiều lớp trừu tượng, mỗi lớp che giấu chi tiết của lớp dưới.	ABSTRACTION_DECOMP	abstraction, layers, information hiding	SDF, SE	{"icon": "layer-group"}
PROBLEM_DECOMPOSITION	Problem Decomposition	Kỹ thuật chia một vấn đề lớn và phức tạp thành các vấn đề con nhỏ hơn, dễ quản lý hơn, là một phần cốt lõi của tư duy tính toán.	ABSTRACTION_DECOMP	decomposition, divide and conquer, problem solving	SDF, AL	{"icon": "puzzle-piece"}
CREATIONAL_PATTERNS	Creational Design Patterns	Các mẫu thiết kế khởi tạo như Singleton và Factory để tạo đối tượng một cách linh hoạt và kiểm soát vòng đời.	DESIGN_PATTERNS	creational patterns, singleton, factory	SE	{"icon": "plus-square"}
STRUCTURAL_PATTERNS	Structural Design Patterns	Các mẫu thiết kế cấu trúc như Adapter và Decorator để tổ chức và mở rộng cấu trúc phần mềm.	DESIGN_PATTERNS	structural patterns, adapter, decorator	SE	{"icon": "sitemap"}
BEHAVIORAL_PATTERNS	Behavioral Design Patterns	Các mẫu thiết kế hành vi như Observer và Strategy để quản lý tương tác và lựa chọn thuật toán lúc chạy.	DESIGN_PATTERNS	behavioral patterns, observer, strategy	SE	{"icon": "directions"}
VERSION_CONTROL_WORKFLOW	Version Control Workflow	Quy trình làm việc với Git (Git Flow) để quản lý nhánh và phối hợp nhóm hiệu quả.	VERSION_CONTROL	Git workflow, Git Flow, branching strategy	SE	{"icon": "code-branch"}
AI_HISTORY_MILESTONES	History and Milestones of AI	Các cột mốc quan trọng trong lịch sử AI từ Turing Test đến thời kỳ Deep Learning.	AI_CONCEPTS	AI history, Turing test, deep learning	AI, SEP	{"icon": "monument"}
TYPES_OF_AI	Types of AI: Narrow vs. General	Phân biệt AI hẹp và AI tổng quát, mối quan hệ với AGI và trí tuệ nhân tạo mạnh.	AI_CONCEPTS	narrow AI, general AI, AGI, strong AI	AI	{"icon": "brain"}
IOT_SECURITY_THREATS	Common IoT Security Threats	Các mối đe dọa bảo mật phổ biến với thiết bị IoT, như firmware yếu và botnet.	IOT_SECURITY_SAFETY	IoT security, firmware, botnet	SEC	{"icon": "shield-virus"}
IOT_SAFETY_RISKS	IoT Safety Risks	Rủi ro an toàn vật lý ở các hệ thống IoT (xe tự lái, thiết bị y tế, nhà thông minh).	IOT_SECURITY_SAFETY	IoT safety, physical risk, critical systems	SEP, SEC	{"icon": "car-crash"}
AGILE_PRINCIPLES	Agile Principles	Nắm vững các nguyên tắc cốt lõi của phát triển phần mềm linh hoạt, như ưu tiên sự hài lòng của khách hàng và thích ứng với thay đổi.	DEVELOPMENT_PROCESS	Agile, manifesto, iterative development	SE	{"icon": "users-class"}
SCRUM_ROLES_EVENTS	Scrum Roles and Events	Nhận biết các vai trò (Product Owner, Scrum Master) và các sự kiện (Sprint, Daily Standup, Retrospective) trong khuôn khổ Scrum.	DEVELOPMENT_PROCESS	Scrum, sprint, standup, backlog	SE	{"icon": "users-cog"}
RELATIONAL_VS_NONRELATIONAL	Relational vs. NoSQL Databases	So sánh cơ sở dữ liệu quan hệ (SQL) và không quan hệ (NoSQL) về mô hình dữ liệu, tính nhất quán và khả năng mở rộng.	DATABASE_FUNDAMENTALS	SQL vs NoSQL, relational, non-relational	DM	{"icon": "database"}
FRONTEND_FRAMEWORKS	Frontend Frameworks/Libraries	Hiểu vai trò của các thư viện/framework như React, Vue, Angular trong việc xây dựng các giao diện người dùng tương tác và có cấu trúc.	WEB_FRAMEWORKS	frameworks, React, Angular, Vue, SPA	SPD	{"icon": "react"}
BACKEND_FRAMEWORKS	Backend Frameworks	Hiểu vai trò của các framework như Django (Python), Express (Node.js) trong việc tăng tốc xây dựng logic và API phía máy chủ.	WEB_FRAMEWORKS	frameworks, Django, Express, Spring, backend	SPD	{"icon": "server"}
AI_BIAS	Bias in AI	Hiểu cách thiên vị trong dữ liệu huấn luyện hoặc trong thiết kế thuật toán có thể dẫn đến các quyết định không công bằng từ hệ thống AI.	AI_ETHICS_BIAS	AI bias, fairness, ethics, training data	AI, SEP	{"icon": "balance-scale"}
ALGORITHMIC_BIAS_SOCIETY	Algorithmic Bias in Society	Phân tích cách các thuật toán có thể tạo ra hoặc khuếch đại các thành kiến xã hội.	SOCIETAL_IMPACT	algorithmic bias, fairness, ethics, societal impact	SEP, AI	{"icon": "balance-scale"}
USER_CENTERED_DESIGN	User-Centered Design Process	Hiểu quy trình thiết kế lấy người dùng làm trung tâm.	UI_UX_PROCESS	UCD, user-centered, design thinking	HCI	{"icon": "user-check"}
AFFORDANCES_SIGNIFIERS	Affordances and Signifiers	Phân biệt khái niệm affordances và signifiers trong thiết kế tương tác.	HCI_PRINCIPLES	affordance, signifier, discoverability	HCI	{"icon": "lightbulb-on"}
FEEDBACK_AND_RESPONSE	Feedback and System Response	Tầm quan trọng của phản hồi và thời gian phản hồi trong UX.	HCI_PRINCIPLES	feedback, response time, user interface	HCI	{"icon": "comment-alt-dots"}
INFORMATION_CREDIBILITY	Assessing Information Credibility	Đánh giá độ tin cậy của thông tin trực tuyến.	DIGITAL_INTERACTION	credibility, fact-checking, misinformation	SEP	{"icon": "check-double"}
DIGITAL_FOOTPRINT	Digital Footprint	Khái niệm về dấu chân số và tác động đến quyền riêng tư/danh tiếng.	DATA_PRIVACY_USER	digital footprint, privacy, online presence	SEP	{"icon": "shoe-prints"}
CYBERBULLYING	Cyberbullying and Response	Nhận biết và ứng phó với bắt nạt trực tuyến.	DIGITAL_WELLBEING	cyberbullying, online safety, harassment	SEP	{"icon": "user-ninja"}
COPYRIGHT_CREATIVE_COMMONS	Copyright & Creative Commons	Phân biệt bản quyền tiêu chuẩn và giấy phép mở Creative Commons.	IP_COPYRIGHT	copyright, Creative Commons, licenses, intellectual property	SEP	{"icon": "copyright"}
DIGITAL_DIVIDE	The Digital Divide	Khoảng cách số về tiếp cận và hưởng lợi từ công nghệ.	SOCIETAL_IMPACT	digital divide, equity, access, inclusion	SEP	{"icon": "users-slash"}
IMAGE_WARPING	Mesh and Liquify Warping	Kỹ thuật biến dạng hình ảnh bằng mesh warp hoặc liquify.	DIGITAL_IMAGE_MANIPULATION	warping, liquify, mesh warp, image manipulation	GIT	{"icon": "border-style-alt"}
IMAGE_RETOUCHING	Image Retouching Techniques	Kỹ thuật làm sạch/phục chế ảnh.	DIGITAL_IMAGE_MANIPULATION	retouching, healing brush, clone stamp	GIT	{"icon": "magic"}
IMAGE_COMPOSITING	Image Compositing	Kỹ thuật ghép ảnh, dùng layer mask và blending modes.	DIGITAL_IMAGE_MANIPULATION	compositing, photomontage, image combination	GIT	{"icon": "images"}
TWO_FACTOR_AUTH	Two-Factor Authentication (2FA)	Khái niệm và vai trò của 2FA/MFA trong bảo mật.	DEVICE_PROTECTION	2FA, MFA, authentication, security	SEC	{"icon": "key"}
APP_EXTENSION_MODEL	App Extension Model	Kiến trúc thành phần mở rộng như Widgets.	PLATFORM_INTEGRATION	app extensions, WidgetKit, widgets	SPD	{"icon": "puzzle-piece"}
DATA_ENCODING	Data Encoding and Compression	Các lược đồ mã hóa và thuật toán nén dữ liệu.	DATA_ENCODING	encoding, compression, ASCII, Unicode, JPEG, MP3	AL	{"icon": "file-archive"}
CHART_TYPES	Choosing Appropriate Chart Types	Lựa chọn biểu đồ phù hợp (cột, đường, tròn, phân tán) theo dữ liệu và thông điệp.	DATA_VISUALIZATION	charts, graphs, visualization, chart selection	GIT	{"icon": "chart-pie-alt"}
CLOUD_MODELS_IAAS_PAAS_SAAS	Cloud Service Models	Ba mô hình dịch vụ đám mây chính: IaaS, PaaS, SaaS.	CLOUD_COMPUTING	IaaS, PaaS, SaaS, cloud services	PDC	{"icon": "cloud"}
CLOUD_DEPLOYMENT_MODELS	Cloud Deployment Models	Các mô hình triển khai: Public, Private, Hybrid Cloud.	CLOUD_COMPUTING	public cloud, private cloud, hybrid cloud	PDC	{"icon": "cloud-upload-alt"}
VIRTUALIZATION	Virtualization Concept	Công nghệ ảo hóa: VM, hypervisor; lớp trừu tượng tài nguyên.	OS_CONCEPTS, CLOUD_COMPUTING	virtualization, VM, hypervisor	OS, PDC	{"icon": "desktop"}
MAPREDUCE_CONCEPT	MapReduce Concept	Mô hình MapReduce xử lý song song dữ liệu lớn (map, reduce).	BIG_DATA_TECH	MapReduce, big data, distributed processing	PDC	{"icon": "stream"}
CAP_THEOREM	CAP Theorem	Định lý CAP và các đánh đổi trong hệ phân tán.	PARALLEL_DIST_ALGO	CAP theorem, distributed systems, consistency	PDC	{"icon": "balance-scale-right"}
NEURAL_NETWORKS_BASICS	Neural Networks Basics	Thành phần cơ bản của ANN: neuron, layer, trọng số, kích hoạt.	ML_MODELS	neural network, neuron, layer, activation function	AI	{"icon": "brain-circuit"}
AI_VS_ML	AI vs. ML vs. Deep Learning	Phân biệt AI, ML và DL; mối quan hệ và khác biệt.	AI_CONCEPTS	AI, ML, Deep Learning, definitions	AI	{"icon": "project-diagram"}
USABILITY_TESTING	Usability Testing	Quy trình kiểm thử tính khả dụng với người dùng thực.	UI_UX_PROCESS	usability testing, user testing, feedback	HCI, SE	{"icon": "clipboard-check"}
STATISTICAL_MEASURES	Basic Statistical Measures	Các thước đo thống kê cơ bản: mean, median, std.	STATISTICS_PROBABILITY	mean, median, standard deviation, statistics	MSF	{"icon": "chart-bar"}
PROBABILITY_BASICS	Basic Probability	Khái niệm xác suất cơ bản, không gian mẫu, biến cố.	STATISTICS_PROBABILITY	probability, sample space, event	MSF	{"icon": "dice-d6"}
DATA_DISTRIBUTIONS	Basic Data Distributions	Phân phối phổ biến: Normal (Gaussian), Uniform.	STATISTICS_PROBABILITY	distribution, normal distribution, uniform distribution	MSF	{"icon": "bell"}
DATA_COLLECTION	Data Collection and Cleaning	Bao gồm các phương pháp và công cụ để thu thập dữ liệu từ nhiều nguồn khác nhau và các kỹ thuật tiền xử lý để đảm bảo chất lượng và tính nhất quán của dữ liệu.	DATA_COLLECTION	data collection, data cleaning, ETL, web scraping, API	DM, AI	{"icon": "filter"}
MAP_ANNOTATIONS	Map Annotations	Sử dụng annotation tuỳ chỉnh để hiển thị các điểm đánh dấu trên bản đồ.	PLATFORM_INTEGRATION	MapAnnotation, custom pin, annotation	SPD	{"icon": "map-pin"}
VIEW_LIFECYCLE	View Lifecycle Events	Xử lý các sự kiện vòng đời của View như onAppear và onDisappear để khởi tạo hoặc dọn dẹp tác vụ.	INTERACTION_EFFECTS	onAppear, onDisappear, lifecycle	HCI	{"icon": "clock"}
WIDGETKIT_INTEGRATION	WidgetKit Integration	Tích hợp WidgetKit để tạo widget, cấu hình provider và quản lý timeline hiển thị dữ liệu.	PLATFORM_INTEGRATION	WidgetKit, timeline, provider, widget	SPD	{"icon": "puzzle-piece"}
UI_ARCH_PATTERNS	UI Architecture Patterns	Các mẫu kiến trúc UI như MVC, MVVM để tổ chức trạng thái và logic giao diện.	STATE_DATA_FLOW	MVC, MVVM, architecture, ViewModel	SE, HCI	{"icon": "sitemap"}
DEVELOPMENT_PROCESS	Software Development Process	Các mô hình quy trình phát triển phần mềm từ Waterfall đến Agile/Scrum.	DEVELOPMENT_PROCESS	process, Agile, Scrum, Waterfall	SE	{"icon": "timeline"}
DIGITAL_CITIZENSHIP	Digital Citizenship	Các nguyên tắc ứng xử, đạo đức và trách nhiệm trong môi trường số.	SOCIETAL_IMPACT	ethics, privacy, safety, responsibility	SEP	{"icon": "user-shield"}